case_id,modality,cohort,model,status,qualified,abstention,primary_diagnosis,differential,confidence,seconds,image_count,result_sha256,scorable_assertions,matched_assertions,all_scorable_assertions_match,first_attempt_status,transport_recovery,transport_recovery_pending,primary_recognition,differential_recognition,morphology_recognition,published_diagnosis,source_url
ROUTINE-CXR-001,CXR,fresh-v2-report-enriched OpenI,gpt-6.1-sol,succeeded,True,False,No acute cardiopulmonary abnormality. Aortic atherosclerotic calcification.,[],0.88,51.36489224433899,2,d0c96f5e8717b63a79f52ba4db388be29c36e83d05131a56d8d505322c842dc6,2,1,False,succeeded,False,False,,,,,
ROUTINE-CXR-001,CXR,fresh-v2-report-enriched OpenI,gpt-6-astra,succeeded,True,False,Minimal basilar linear atelectatic or scarring change. No focal pneumonia or radiographic evidence of active pulmonary tuberculosis.,"['Minimal dependent atelectasis', 'Chronic basilar scarring']",0.8,32.33361887931824,2,1f82363029c25970cdf4bd97444eb82c70b878b50cc88aab874aab2ff526c2e4,2,1,False,succeeded,False,False,,,,,
ROUTINE-CXR-002,CXR,fresh-v2-report-enriched OpenI,gpt-6.1-sol,succeeded,True,False,Small bilateral pleural effusions with minimal bibasilar atelectatic change.,"['Pleural fluid accumulation related to ovarian hyperstimulation syndrome.', 'Other causes of fluid retention or volume overload.']",0.87,32.232834339141846,2,f1f7c5d891c28c4146cc4b07ecf36be06d4852da763ae592b180d35febdb4357,3,3,True,succeeded,False,False,,,,,
ROUTINE-CXR-002,CXR,fresh-v2-report-enriched OpenI,gpt-6-astra,succeeded,True,False,"Small pleural effusions, likely bilateral, with minimal basilar atelectasis.","['Pleural fluid related to ovarian hyperstimulation syndrome and associated third spacing.', 'Other causes of fluid retention.']",0.86,29.229341506958008,2,a86d2b43e19c591aecdabfc4f9fb34541267e3d0f4fb1294a9fa50202ed16120,3,3,True,succeeded,False,False,,,,,
ROUTINE-CXR-003,CXR,fresh-v2-report-enriched OpenI,gpt-6.1-sol,succeeded,True,False,"Small bilateral pleural effusions, slightly greater on the left.",['Chronic pleural thickening or scarring mimicking small effusions.'],0.85,35.250426292419434,2,4a214d053713de26801f8771eeb20b3ea9d4620c42fc3c98e05e1ecd7c0ed64e,2,2,True,succeeded,False,False,,,,,
ROUTINE-CXR-003,CXR,fresh-v2-report-enriched OpenI,gpt-6-astra,succeeded,True,False,"Small pleural effusions, left greater than right.",['Pleural scarring as an alternative explanation for some costophrenic blunting.'],0.84,28.222721576690674,2,de10c8c5ca6b5c93e616b37cadf3d4d3ebbee181d50208bc06ca339fd87524d0,2,2,True,succeeded,False,False,,,,,
ROUTINE-CXR-004,CXR,fresh-v2-report-enriched OpenI,gpt-6.1-sol,succeeded,True,False,"Bilateral pleural effusions, moderate-to-large on the right and small-to-moderate on the left, with associated bibasilar atelectatic opacity.","['Cardiac or other systemic volume overload.', 'Malignant pleural effusions.', 'Parapneumonic effusions if supported by clinical evidence of infection.']",0.94,47.273305892944336,2,45bbd7ef7143120628445808d5d30fdca91555bedd90f149584baadae7ed0bf5,2,2,True,succeeded,False,False,,,,,
ROUTINE-CXR-004,CXR,fresh-v2-report-enriched OpenI,gpt-6-astra,succeeded,True,False,"Bilateral pleural effusions, moderate-to-large on the right and small-to-moderate on the left, with associated bibasilar atelectatic opacity.","['Effusions related to volume overload.', 'Malignant pleural effusions.', 'Parapneumonic effusions if supported by clinical evidence of infection.']",0.94,33.239747762680054,2,418ca352b78d517f762314213e432cb2f5dba740d5dd87876c55cf1788d7ab32,2,2,True,succeeded,False,False,,,,,
ROUTINE-CXR-005,CXR,fresh-v2-report-enriched OpenI,gpt-6.1-sol,succeeded,True,False,"Small posterior pleural effusion, with pacemaker leads in place.",['Chronic pleural thickening as an alternative cause of posterior costophrenic blunting'],0.8,45.28589391708374,1,ef10ef4525413b221f66acf5660d8300a5a889f425d089b18f5e7d69a9bf04e5,2,1,False,succeeded,False,False,,,,,
ROUTINE-CXR-005,CXR,fresh-v2-report-enriched OpenI,gpt-6-astra,succeeded,True,False,Small pleural effusions with mild dependent basilar atelectasis following pacemaker placement.,"['Postprocedural pleural fluid and dependent atelectasis', 'Mild volume overload']",0.8,29.21558952331543,1,d95565435b28d2ead6f20362accd4572eaf88221110a8cd028732dd2733bab5a,2,1,False,succeeded,False,False,,,,,
ROUTINE-CXR-006,CXR,fresh-v2-report-enriched OpenI,gpt-6.1-sol,succeeded,True,False,Minimal bibasilar linear atelectatic change; no acute cardiopulmonary abnormality.,['Minimal chronic bibasilar scarring.'],0.88,34.21944785118103,2,001e49ab554260e7294b8ec8b8234d2b3ab6dca4ef6cdc365e77c512e4f2be36,1,0,False,succeeded,False,False,,,,,
ROUTINE-CXR-006,CXR,fresh-v2-report-enriched OpenI,gpt-6-astra,succeeded,True,False,No acute cardiopulmonary abnormality.,[],0.89,27.213223457336426,2,203c9d5f89ef938919addeb9eec41b8e5b32a234a4b096db5b06e55d92d44d99,1,0,False,succeeded,False,False,,,,,
ROUTINE-CXR-007,CXR,fresh-v2-report-enriched OpenI,gpt-6.1-sol,succeeded,True,False,Mild pulmonary hyperinflation compatible with COPD; no acute cardiopulmonary abnormality identified.,[],0.86,42.28931379318237,2,ebdf711db1e7c736b933243b232fc332ec21a90b957b7ce6fee2d2acbdf051c6,2,1,False,succeeded,False,False,,,,,
ROUTINE-CXR-007,CXR,fresh-v2-report-enriched OpenI,gpt-6-astra,succeeded,True,False,Mild pulmonary hyperinflation compatible with the supplied COPD history; no acute cardiopulmonary abnormality.,[],0.88,29.23137855529785,2,50cf8bf2105fd942296af2a7da2921c41afb586687840af61fd67470acfdf391,2,1,False,succeeded,False,False,,,,,
ROUTINE-CXR-008,CXR,fresh-v2-report-enriched OpenI,gpt-6.1-sol,succeeded,True,False,No acute cardiopulmonary abnormality identified.,[],0.89,31.227011919021606,2,7f27f95e21363a6d2ef47c98d4627214bfb72327e4818236786f66adeca0182e,1,0,False,succeeded,False,False,,,,,
ROUTINE-CXR-008,CXR,fresh-v2-report-enriched OpenI,gpt-6-astra,succeeded,True,False,No acute cardiopulmonary abnormality. Mid-thoracic vertebral wedge compression deformity of indeterminate age.,['Chronic osteoporotic or post-traumatic vertebral compression deformity.'],0.86,40.25589942932129,2,aed717fdc59051bd03902cf90cc375d601f155ad188b89bea1d2c39e00f762b6,1,0,False,succeeded,False,False,,,,,
ROUTINE-CXR-009,CXR,fresh-v2-report-enriched OpenI,gpt-6.1-sol,succeeded,True,False,Low lung volumes with mild bibasilar hypoventilatory changes; no acute cardiopulmonary abnormality identified.,"['Minimal bibasilar subsegmental atelectasis.', 'Borderline cardiomegaly versus apparent cardiac enlargement related to low lung volumes and projection.']",0.85,39.297690868377686,2,dd4d62daccf87a953a901e4dda640eee73db36933adce01910ed00271cc9b36b,1,0,False,succeeded,False,False,,,,,
ROUTINE-CXR-009,CXR,fresh-v2-report-enriched OpenI,gpt-6-astra,succeeded,True,False,Low lung volumes with mild cardiac silhouette enlargement; no acute pulmonary abnormality.,['Apparent cardiac enlargement accentuated by low inspiration and projection.'],0.87,24.179327487945557,2,a1591bed243f9d677792aa547b1f402ee0eca5ea8215f9cbc416491da8ee7fb0,1,0,False,succeeded,False,False,,,,,
ROUTINE-CXR-010,CXR,fresh-v2-report-enriched OpenI,gpt-6.1-sol,succeeded,True,False,Low lung volumes without definite acute cardiopulmonary abnormality.,"['Minimal bibasilar subsegmental atelectasis', 'Overlapping soft tissues contributing to basal haziness']",0.8,35.25847125053406,2,6decef4bab0fe84111a43660d5b8310e94801e93aa9716bd4080a07dd8fc453a,2,1,False,succeeded,False,False,,,,,
ROUTINE-CXR-010,CXR,fresh-v2-report-enriched OpenI,gpt-6-astra,succeeded,True,False,No acute cardiopulmonary abnormality identified on mildly low-volume chest radiographs.,[],0.85,34.12725496292114,2,a9c34f651aaa36fe42afd5a3dd0a8882a6a5ecde9396a8dea86a21f6adbe0de4,2,1,False,succeeded,False,False,,,,,
ROUTINE-CXR-011,CXR,fresh-v2-report-enriched OpenI,gpt-6.1-sol,succeeded,True,False,"Mild right suprahilar/paramediastinal opacity, favored to represent chronic scarring. No definite acute cardiopulmonary abnormality.","['Post-treatment fibrosis, if there is a history of thoracic radiation.', 'Residual mediastinal or hilar lymphadenopathy, less favored but not excluded radiographically.']",0.76,60.358038663864136,2,4e4888358a1c351da501176b5fd2e40b479770b9906eba9fb5cceef12b528768,3,2,False,succeeded,False,False,,,,,
ROUTINE-CXR-011,CXR,fresh-v2-report-enriched OpenI,gpt-6-astra,succeeded,True,False,"Mild right upper paramediastinal opacity, favored chronic scarring or treatment-related change. No definite acute cardiopulmonary abnormality.","['Post-treatment pulmonary scarring', 'Residual right paratracheal adenopathy']",0.77,40.266459941864014,2,1fca65612d2724621764ab9deda25b08a794d11dcf8782dac8e6007511f61e0c,3,2,False,succeeded,False,False,,,,,
ROUTINE-CXR-012,CXR,fresh-v2-report-enriched OpenI,gpt-6.1-sol,succeeded,True,False,Findings favor congestive heart failure with bilateral pleural effusions and bibasilar atelectatic opacities.,"['Superimposed basilar infection, if clinically suspected.']",0.83,59.39031386375427,2,81c8d451efaa5d8d61db972c917ef0e1cb5e08441ba2b5b9609b2e7e0564176f,3,1,False,succeeded,False,False,,,,,
ROUTINE-CXR-012,CXR,fresh-v2-report-enriched OpenI,gpt-6-astra,succeeded,True,False,"Pulmonary vascular congestion with small bilateral pleural effusions and bibasilar atelectatic opacities, compatible with CHF-related fluid overload.","['Mild cardiogenic pulmonary edema', 'Superimposed basilar pneumonia if supported by clinical findings']",0.82,32.2397141456604,2,b1a92cf5d210a811d37245e5f8039c54a9d257a84a5f7dcf193447da6da84e64,3,1,False,succeeded,False,False,,,,,
ROUTINE-CXR-013,CXR,fresh-v2-report-enriched OpenI,gpt-6.1-sol,succeeded,True,False,"Moderate right pleural effusion with adjacent right basilar airspace opacity, likely compressive atelectasis.","['Right basilar pneumonia with parapneumonic effusion.', 'Underlying obstructing lesion with associated atelectasis and effusion.']",0.87,45.28030729293823,1,e9fb27ed4a0e9eb5f5ef0a1e2f1b87d4771edcf61553557f7a9caf1d355f40ec,3,1,False,succeeded,False,False,,,,,
ROUTINE-CXR-013,CXR,fresh-v2-report-enriched OpenI,gpt-6-astra,succeeded,True,False,Moderate-to-large right pleural effusion with adjacent right basilar atelectasis and/or consolidation.,"['Compressive atelectasis adjacent to the effusion.', 'Right basilar pneumonia with parapneumonic effusion.']",0.89,34.22215461730957,1,2cba2cc7fd8cff4e704e6ad1dbddb6f54939b0cbe6764594ae2d0d3a62b6e236,3,2,False,succeeded,False,False,,,,,
ROUTINE-CXR-014,CXR,fresh-v2-report-enriched OpenI,gpt-6.1-sol,succeeded,True,False,"Focal right-sided airspace consolidation, most consistent with pneumonia, likely involving the superior segment of the right lower lobe.","['Focal organizing pneumonia', 'Underlying obstructing lesion if the opacity persists']",0.9,41.28609919548035,2,d8834228aab8f70e7a336f87060596a5de0a0c0a33656755277a90dcd74020b6,4,4,True,succeeded,False,False,,,,,
ROUTINE-CXR-014,CXR,fresh-v2-report-enriched OpenI,gpt-6-astra,succeeded,True,False,"Bilateral upper-lung airspace opacities, greater on the right, most suggestive of multifocal pneumonia.","['Organizing pneumonia', 'Underlying pulmonary neoplasm if the opacities persist']",0.86,38.51923084259033,2,a0ca240ed98cca5a642f383255ea2de2f63da095a63c3ddcc23dee09e8e703f2,4,4,True,succeeded,False,False,,,,,
ROUTINE-CXR-015,CXR,fresh-v2-report-enriched OpenI,gpt-6.1-sol,succeeded,True,False,"Mild left basilar linear opacity, favored subsegmental atelectasis or scarring.","['Chronic left basilar scarring', 'Overlapping bronchovascular markings']",0.78,37.23290514945984,2,c973aeeb1a5891d076dd87bda4c1dba995e068f48ce0832fe287f128384eebde,2,1,False,succeeded,False,False,,,,,
ROUTINE-CXR-015,CXR,fresh-v2-report-enriched OpenI,gpt-6-astra,succeeded,True,False,"Mild left basilar retrocardiac opacity, favored to represent atelectatic change.","['Early left lower lobe pneumonia', 'Chronic left basilar scarring']",0.7,40.34258270263672,2,00a921a4b2a4f0064bb59ab893c7d22df5ad75f2d9cd63f034e6a91203ec3225,2,1,False,succeeded,False,False,,,,,
ROUTINE-CXR-016,CXR,fresh-v2-report-enriched OpenI,gpt-6.1-sol,succeeded,True,False,"Low lung volumes with posterior basilar airspace opacity, favored to represent atelectasis; lower-lobe pneumonia remains possible.","['Lower-lobe pneumonia', 'Small pleural effusion with adjacent atelectasis']",0.6,36.23097848892212,2,eb7dbd0d85072597e2ce0ea629551182145cbf854b07e750f6b1eeb7f8a38508,2,0,False,succeeded,False,False,,,,,
ROUTINE-CXR-016,CXR,fresh-v2-report-enriched OpenI,gpt-6-astra,succeeded,True,False,"Posterior basilar airspace opacity, favored to represent atelectasis; lower-lobe pneumonia is an alternative.","['Lower-lobe pneumonia', 'Small pleural effusion with adjacent compressive atelectasis']",0.6,41.1959924697876,2,75e0732da791845cb5facb54a052c6a3e91b39cfb2eaea6a3893ee920102d362,2,0,False,succeeded,False,False,,,,,
ROUTINE-CXR-017,CXR,fresh-v2-report-enriched OpenI,gpt-6.1-sol,succeeded,True,False,Low lung volumes with mild bibasilar subsegmental atelectasis.,['Chronic linear basilar scarring'],0.86,31.21490788459778,2,5c5bee27580f96d80ed7c215042fe0cf8a642f8ae50a9268428d221fae9aa854,2,1,False,succeeded,False,False,,,,,
ROUTINE-CXR-017,CXR,fresh-v2-report-enriched OpenI,gpt-6-astra,succeeded,True,False,Low lung volumes with mild bibasilar subsegmental atelectasis.,['Basilar bronchovascular crowding related to shallow inspiration.'],0.86,47.319218158721924,2,5cd13ab82f61fb8abb1b4d26f8bf67bd8b2542ab7e9e9a59b887d1e6f4d70163,2,1,False,succeeded,False,False,,,,,
ROUTINE-CXR-018,CXR,fresh-v2-report-enriched OpenI,gpt-6.1-sol,succeeded,True,False,Moderate right pleural effusion with probable associated compressive right basilar atelectasis.,"['Underlying right basilar pneumonia with parapneumonic effusion', 'Malignancy-associated pleural effusion']",0.94,43.253806829452515,2,8b9462cad8a223c3a031a373e9dffd3ed31931dbd3c87f64d3140d3650fb72ae,3,3,True,succeeded,False,False,,,,,
ROUTINE-CXR-018,CXR,fresh-v2-report-enriched OpenI,gpt-6-astra,succeeded,True,False,Moderate right pleural effusion with associated right basilar atelectasis.,"['Underlying right basilar pneumonia with parapneumonic effusion', 'Malignant pleural effusion, depending on clinical context']",0.94,30.217825889587402,2,f18e982d8963493b60b6959a51fe54b9384024d5614d1931dd1f2c9ddb34013a,3,3,True,succeeded,False,False,,,,,
ROUTINE-CXR-019,CXR,fresh-v2-report-enriched OpenI,gpt-6.1-sol,succeeded,True,False,Cardiomegaly without pulmonary edema or other acute pulmonary abnormality.,['Projection-related exaggeration of cardiac size.'],0.88,40.24617266654968,2,b5c73c07c973e16bc24727614524946e487e661d04ea4e93c65ad680ba129c4d,3,3,True,succeeded,False,False,,,,,
ROUTINE-CXR-019,CXR,fresh-v2-report-enriched OpenI,gpt-6-astra,succeeded,True,False,Cardiomegaly without acute pulmonary abnormality.,[],0.89,24.20882558822632,2,fcc6742cc8ed267c88dc3cc104c99dd4bde6fa3c994dfd7b1d651a7173ff12f7,3,3,True,succeeded,False,False,,,,,
ROUTINE-CXR-020,CXR,fresh-v2-report-enriched OpenI,gpt-6.1-sol,succeeded,True,False,Enlarged cardiac silhouette with low lung volumes and minimal bibasilar atelectatic change; no acute pulmonary abnormality identified.,['Apparent cardiac enlargement accentuated by projection and low lung volumes.'],0.82,44.32703971862793,2,0cec22199a1c2f8157c97322d9e387bc118d99d79b000aa6fa03ebec139b3733,1,0,False,succeeded,False,False,,,,,
ROUTINE-CXR-020,CXR,fresh-v2-report-enriched OpenI,gpt-6-astra,succeeded,True,False,Mild cardiomegaly without an acute pulmonary abnormality.,['Low lung volumes and projection may accentuate apparent cardiac enlargement.'],0.83,33.25243306159973,2,539589314ef42419af8e2c7d92e5ef9a0826d1bc92ed2a1f7bda74c40f34eb09,1,0,False,succeeded,False,False,,,,,
ROUTINE-CXR-021,CXR,fresh-v2-report-enriched OpenI,gpt-6.1-sol,succeeded,True,False,No acute cardiopulmonary abnormality. Mild thoracic spondylosis.,[],0.91,31.262429237365723,2,3b428fe237dab4bed162011d60df53e00b15a564b00efd9fe2775ec2508bb8ce,4,4,True,succeeded,False,False,,,,,
ROUTINE-CXR-021,CXR,fresh-v2-report-enriched OpenI,gpt-6-astra,succeeded,True,False,No acute cardiopulmonary abnormality.,[],0.93,33.87438130378723,2,71dc5e3c75057475e728a910ab70c53c68324c22fc6312eb8ad2235f9eaed666,4,4,True,succeeded,False,False,,,,,
ROUTINE-CXR-022,CXR,fresh-v2-report-enriched OpenI,gpt-6.1-sol,succeeded,True,False,No acute cardiopulmonary abnormality.,[],0.9,30.22191309928894,2,f85cde48a543a1c6ddf6bd15c238d6ee36fae820bc533f407a81a7ec720bdade,4,4,True,succeeded,False,False,,,,,
ROUTINE-CXR-022,CXR,fresh-v2-report-enriched OpenI,gpt-6-astra,succeeded,True,False,No acute cardiopulmonary abnormality.,[],0.91,31.17038631439209,2,174422deafe319ab637cdce5d93c908501e72230daadc7187f0c4d229346ef2a,4,4,True,succeeded,False,False,,,,,
ROUTINE-CXR-023,CXR,fresh-v2-report-enriched OpenI,gpt-6.1-sol,succeeded,True,False,No acute cardiopulmonary abnormality. Aortic atherosclerotic calcification.,[],0.93,28.23554253578186,2,d5d9b0368c3db565ff039a3277a70bce85b18905284c0d5709b06251de2ead40,4,4,True,succeeded,False,False,,,,,
ROUTINE-CXR-023,CXR,fresh-v2-report-enriched OpenI,gpt-6-astra,succeeded,True,False,No acute cardiopulmonary abnormality.,[],0.94,33.25413417816162,2,000ca249c4506f2779a8a2e5f6366abe66fae61ca3fbab2d18cde3feee043d32,4,4,True,succeeded,False,False,,,,,
ROUTINE-CXR-024,CXR,fresh-v2-report-enriched OpenI,gpt-6.1-sol,succeeded,True,False,No acute cardiopulmonary abnormality.,[],0.94,29.21736192703247,2,7438053a71aec30d004880110c394d232e6823e144139749a94b6647a129a0ed,4,4,True,succeeded,False,False,,,,,
ROUTINE-CXR-024,CXR,fresh-v2-report-enriched OpenI,gpt-6-astra,succeeded,True,False,No acute cardiopulmonary abnormality.,[],0.95,26.221373558044434,2,8e96e83cf52c70a73ea40bc32417976af27d2e5813cb3b68aeeddef523351d9f,4,4,True,succeeded,False,False,,,,,
ROUTINE-CXR-025,CXR,fresh-v2-report-enriched OpenI,gpt-6.1-sol,succeeded,True,False,Mild pulmonary hyperinflation without acute cardiopulmonary abnormality.,"['Emphysematous change, if supported by clinical history.', 'Constitutionally large lung volumes.']",0.87,35.23368287086487,2,00135d2bd4f5acc2f462e469de90413613b8a23a2956ed8f44418f99a22056f7,4,4,True,succeeded,False,False,,,,,
ROUTINE-CXR-025,CXR,fresh-v2-report-enriched OpenI,gpt-6-astra,succeeded,True,False,No acute cardiopulmonary abnormality. Mild pulmonary hyperinflation.,"['Possible obstructive lung disease if supported clinically.', 'Small right midlung calcified granuloma versus overlapping rib density.']",0.88,30.236710786819458,2,893a326dbe2b391b7e9981aafa397e28714b62add3c9a275027ca70e6d9ebf14,4,4,True,succeeded,False,False,,,,,
ROUTINE-CXR-026,CXR,fresh-v2-report-enriched OpenI,gpt-6.1-sol,succeeded,True,False,Minimal basilar linear atelectasis; no acute cardiopulmonary abnormality identified.,['Mild chronic basilar scarring'],0.87,48.27280044555664,2,d10833ec4e04cdeaa31dec053dd6e9af65478beb62c35e1bfd9d1b8e83a25124,4,4,True,succeeded,False,False,,,,,
ROUTINE-CXR-026,CXR,fresh-v2-report-enriched OpenI,gpt-6-astra,succeeded,True,False,No acute cardiopulmonary abnormality.,[],0.9,25.20750141143799,2,889a63e766fcc0afdc8c62ad6eb2ac0d2a467ca290e72fe2f87ad0ad217753fe,4,4,True,succeeded,False,False,,,,,
ROUTINE-CXR-027,CXR,fresh-v2-report-enriched OpenI,gpt-6.1-sol,succeeded,True,False,No acute cardiopulmonary abnormality.,[],0.93,25.19992995262146,2,9d9aa35f6c164ac4b42d81b035ffce29296449756459d39949b23878ef488b93,4,4,True,succeeded,False,False,,,,,
ROUTINE-CXR-027,CXR,fresh-v2-report-enriched OpenI,gpt-6-astra,succeeded,True,False,No acute cardiopulmonary abnormality.,[],0.94,25.231414556503296,2,daf42cdbe6ec1f50d2570f8ea3fa0087dbfa7ffe3270dbc47a7f95cd3c11c3fe,4,4,True,succeeded,False,False,,,,,
ROUTINE-CXR-028,CXR,fresh-v2-report-enriched OpenI,gpt-6.1-sol,succeeded,True,False,No acute cardiopulmonary abnormality.,[],0.88,66.81450271606445,2,0464aad9c1693909c2e80a7587ebb9a3186ca9e84336d4c234bbc0ac377efffb,4,4,True,succeeded,False,False,,,,,
ROUTINE-CXR-028,CXR,fresh-v2-report-enriched OpenI,gpt-6-astra,succeeded,True,False,No acute cardiopulmonary abnormality.,[],0.91,27.235107421875,2,8d7c258597ce561cd3ccf04d989c08b91e6090fa8febdb327135eead22f678dd,4,4,True,succeeded,False,False,,,,,
ROUTINE-CXR-029,CXR,fresh-v2-report-enriched OpenI,gpt-6.1-sol,succeeded,True,False,No acute cardiopulmonary abnormality.,[],0.93,29.206112146377563,2,34253ec3fbe4b042b42de5cdd2d670cbf9ecdb39b1ccf11aaf680f23b5ccedac,4,4,True,succeeded,False,False,,,,,
ROUTINE-CXR-029,CXR,fresh-v2-report-enriched OpenI,gpt-6-astra,succeeded,True,False,No acute cardiopulmonary abnormality.,[],0.94,25.207111835479736,2,09a74da3e3346761e6a09efd97af67216d5e6f04d1ca099d59d8262ab41e74c1,4,4,True,succeeded,False,False,,,,,
ROUTINE-CXR-030,CXR,fresh-v2-report-enriched OpenI,gpt-6.1-sol,succeeded,True,False,No acute cardiopulmonary abnormality.,[],0.92,32.22906756401062,2,09dbf54b137f180b7c242d7aa52f7aa87966a83ffc32a5796c21f63d2115d6b9,4,4,True,succeeded,False,False,,,,,
ROUTINE-CXR-030,CXR,fresh-v2-report-enriched OpenI,gpt-6-astra,succeeded,True,False,No acute cardiopulmonary abnormality.,[],0.94,22.191832065582275,2,691955ccd611c9e3a3d3a6828f2b8ce4cef8fcc447e9f9fd748810f585c4a0d6,4,4,True,succeeded,False,False,,,,,
ROUTINE-CXR-031,CXR,fresh-v2-report-enriched OpenI,gpt-6.1-sol,succeeded,True,False,No acute cardiopulmonary abnormality.,[],0.92,29.226874113082886,2,c5b81a0768bc6f5f90fce2dfda670c09e9c2a42062fe80c896cf267a76ae7021,4,4,True,succeeded,False,False,,,,,
ROUTINE-CXR-031,CXR,fresh-v2-report-enriched OpenI,gpt-6-astra,succeeded,True,False,No acute cardiopulmonary abnormality.,[],0.92,30.222518920898438,2,c84591e742c0fefaed209f43237ee52f221c0a45e1f7b4970fe38a90184b24e8,4,4,True,succeeded,False,False,,,,,
ROUTINE-CXR-032,CXR,fresh-v2-report-enriched OpenI,gpt-6.1-sol,succeeded,True,False,No acute cardiopulmonary abnormality.,[],0.94,24.22116470336914,2,de8f1297deb596c0545603e94ea4492d2d6bed5c611bfbd7b590cb3da0e814b2,4,4,True,succeeded,False,False,,,,,
ROUTINE-CXR-032,CXR,fresh-v2-report-enriched OpenI,gpt-6-astra,succeeded,True,False,No acute cardiopulmonary abnormality.,[],0.94,31.229482889175415,2,fb7a3262fa0ac7ecb424fcbe20202e6807eac96dd96d0fe819c199057896f877,4,4,True,succeeded,False,False,,,,,
ROUTINE-CXR-033,CXR,fresh-v2-report-enriched OpenI,gpt-6.1-sol,succeeded,True,False,No acute cardiopulmonary abnormality. Marked thoracic scoliosis with posterior spinal fixation.,[],0.92,39.29635167121887,2,bd44807210a000ed93179f444892447fe78c676f5be64969ffe042100f3337da,4,4,True,succeeded,False,False,,,,,
ROUTINE-CXR-033,CXR,fresh-v2-report-enriched OpenI,gpt-6-astra,succeeded,True,False,No acute cardiopulmonary abnormality. Thoracic dextroscoliosis with posterior spinal instrumentation.,[],0.92,36.24413800239563,2,7b6f3ae68902fd381b5e1ac77f4a89818e054efcd20468fc68faa34f623341c4,4,4,True,succeeded,False,False,,,,,
ROUTINE-CXR-034,CXR,fresh-v2-report-enriched OpenI,gpt-6.1-sol,succeeded,True,False,No acute cardiopulmonary abnormality.,[],0.94,25.213231801986694,2,efc22e83d5ead4cb97ee4a7e9c712e203647f88c01b156a714aeea68e0f9f116,4,4,True,succeeded,False,False,,,,,
ROUTINE-CXR-034,CXR,fresh-v2-report-enriched OpenI,gpt-6-astra,succeeded,True,False,No acute cardiopulmonary abnormality.,[],0.93,22.187870740890503,2,22fa4293191340882c9edf53c2f1926f5d3597abeb12b2e35aab5d5c5ec4942f,4,4,True,succeeded,False,False,,,,,
ROUTINE-CXR-035,CXR,fresh-v2-report-enriched OpenI,gpt-6.1-sol,succeeded,True,False,No acute cardiopulmonary abnormality; minimal left basilar linear atelectasis or scarring.,"['Minimal left basilar subsegmental atelectasis', 'Minimal left basilar scarring']",0.89,46.17853808403015,2,501ff155d1f47901647172f5d92f12a54aa0b031e79198e6d325f598ba697760,4,4,True,succeeded,False,False,,,,,
ROUTINE-CXR-035,CXR,fresh-v2-report-enriched OpenI,gpt-6-astra,succeeded,True,False,Minimal left basilar linear atelectasis or scarring; no acute cardiopulmonary abnormality.,"['Minor subsegmental atelectasis', 'Chronic linear scarring']",0.9,26.214027881622314,2,3e4b30991ad40ed71bd36e34e585b3660522c82f2a9c20879a0d1bc5b7eddd4c,4,4,True,succeeded,False,False,,,,,
ROUTINE-CXR-036,CXR,fresh-v2-report-enriched OpenI,gpt-6.1-sol,succeeded,True,False,No acute cardiopulmonary abnormality.,[],0.92,35.70245122909546,2,a67063c1d06a0137b4c513a78d10f193ba33f57f387091b8fffe2fd832f6ee9a,4,4,True,succeeded,False,False,,,,,
ROUTINE-CXR-036,CXR,fresh-v2-report-enriched OpenI,gpt-6-astra,succeeded,True,False,No acute cardiopulmonary abnormality.,['Minimal basilar linear scarring versus subsegmental atelectasis.'],0.9,27.258068323135376,2,90e9f44c3d0f04c0a601b42c8186118965f26d2938de2d7134e13b27c8695b8c,4,4,True,succeeded,False,False,,,,,
ROUTINE-CXR-037,CXR,fresh-v2-report-enriched OpenI,gpt-6.1-sol,succeeded,True,False,Minimal bibasilar linear atelectatic or scar-like changes without acute cardiopulmonary abnormality.,['Minor chronic basilar scarring'],0.86,48.310856342315674,2,09a5554579adde7fbbe232ef506f12f607bd1ccd0edca85c5225b28c9ee0c490,4,4,True,succeeded,False,False,,,,,
ROUTINE-CXR-037,CXR,fresh-v2-report-enriched OpenI,gpt-6-astra,succeeded,True,False,No acute cardiopulmonary abnormality.,[],0.9,26.206750869750977,2,860be0f64fe4e2bc35c4beb6109d9a31ef5b7603aa7507b5534e8dc7ad68571c,4,4,True,succeeded,False,False,,,,,
ROUTINE-CXR-038,CXR,fresh-v2-report-enriched OpenI,gpt-6.1-sol,succeeded,True,False,No acute cardiopulmonary abnormality.,[],0.93,27.211795806884766,2,b85f095287445b4924695d96d562c790acfa0d430668232f785cc7c3e1e0b3ad,4,4,True,succeeded,False,False,,,,,
ROUTINE-CXR-038,CXR,fresh-v2-report-enriched OpenI,gpt-6-astra,succeeded,True,False,No acute cardiopulmonary abnormality.,[],0.94,22.190791368484497,2,88515599d68683be89d1f9bb64636449cebfb5e7ddacbec41a970e93c3faa2a1,4,4,True,succeeded,False,False,,,,,
ROUTINE-CXR-039,CXR,fresh-v2-report-enriched OpenI,gpt-6.1-sol,succeeded,True,False,No acute cardiopulmonary abnormality.,[],0.94,27.23663091659546,2,601dea127d4a8d2f934d54a9e6e160bc36f61161ed5177f46935c6944aa90521,4,4,True,succeeded,False,False,,,,,
ROUTINE-CXR-039,CXR,fresh-v2-report-enriched OpenI,gpt-6-astra,succeeded,True,False,No acute cardiopulmonary abnormality.,[],0.92,33.24578142166138,2,9c0961d3e725a8d483e0e11053c7a7e6e631b7c4aadc3c4590a1d811ff402bc9,4,4,True,succeeded,False,False,,,,,
ROUTINE-CXR-040,CXR,fresh-v2-report-enriched OpenI,gpt-6.1-sol,succeeded,True,False,No acute cardiopulmonary abnormality on the supplied frontal chest radiograph.,[],0.94,33.253915786743164,1,b26c69f6bd347f8bb761ef4aa2c1558419db1e608f344d41702fac88822550c1,4,4,True,succeeded,False,False,,,,,
ROUTINE-CXR-040,CXR,fresh-v2-report-enriched OpenI,gpt-6-astra,succeeded,True,False,No acute cardiopulmonary abnormality.,[],0.95,23.203989267349243,1,8c4376d6133a0e6328b02566093b0c4a814127eb56f2db7aec7bd1f89f41d944,4,4,True,succeeded,False,False,,,,,
ROUTINE-CT-001,CT,reused prior report-backed CT,gpt-6.1-sol,succeeded,True,False,"Multifocal bronchiectasis with right middle lobe and lingular atelectatic consolidation, favoring chronic inflammatory or postinfectious airway disease.","['Nontuberculous mycobacterial pulmonary disease, given middle lobe and lingular predominance.', 'Other chronic postinfectious bronchiectasis, potentially with superimposed infection.', 'Inflammatory versus neoplastic right upper lobe pulmonary nodule.']",0.83,56.35794401168823,4,ac98fc7fa300c37b09fea7f672ab34605dc09c9f083f559de5242d9ab4566d4d,3,2,False,succeeded,False,False,,,,,
ROUTINE-CT-001,CT,reused prior report-backed CT,gpt-6-astra,succeeded,True,False,"Right middle lobe and lingular bronchiectatic disease with atelectatic consolidation, favoring chronic infectious or inflammatory airway disease.","['Nontuberculous mycobacterial pulmonary infection.', 'Postinfectious bronchiectasis and scarring with possible superimposed infection.', 'Indeterminate right upper lobe nodule: inflammatory focus versus neoplasm.']",0.8,39.287004232406616,4,f438a22e02661398a255a6b16739f045a4ac641a54afc1a3afff0589fbb0fc74,3,2,False,succeeded,False,False,,,,,
ROUTINE-CT-002,CT,reused prior report-backed CT,gpt-6.1-sol,succeeded,True,False,"Minimal lingular atelectasis/scarring with an indeterminate rounded right cardiophrenic opacity, potentially representing diaphragmatic contour rather than a pulmonary nodule.","['Focal right hemidiaphragmatic eventration with underlying liver', 'Solid right middle lobe pulmonary nodule', 'Focal nodular atelectasis']",0.59,79.5526213645935,4,102245b1f7c44643541d3bd8212fc993fe2c747429de9fad596f5a31b5ebb2f2,3,0,False,succeeded,False,False,,,,,
ROUTINE-CT-002,CT,reused prior report-backed CT,gpt-6-astra,succeeded,True,False,Minimal linear atelectatic or scar-like change in the lingula and left lung base; no acute pulmonary abnormality identified on the sampled images.,"['Minor subsegmental atelectasis', 'Chronic postinflammatory scarring']",0.8,41.3524911403656,4,4d3c023f7bbc455d47f30c823187daee6e25dc148d21f9505798d13327de5c80,3,0,False,succeeded,False,False,,,,,
ROUTINE-CT-003,CT,reused prior report-backed CT,gpt-6.1-sol,succeeded,True,False,Severe upper-lung-predominant centrilobular and paraseptal emphysema with a dominant large left upper-lobe/apical bulla.,"['Associated fibrotic interstitial lung disease, potentially a combined pulmonary fibrosis and emphysema pattern.', 'Dependent atelectatic change accounting for part of the basal reticulation.']",0.93,59.38911199569702,4,d4c7bb2cccaa105ed2592f17d5d808daeebdaf4cf0710859818d043693bde74e,2,1,False,succeeded,False,False,,,,,
ROUTINE-CT-003,CT,reused prior report-backed CT,gpt-6-astra,succeeded,True,False,Severe upper-lobe-predominant centrilobular and paraseptal emphysema with giant left apical bullae.,['Mild superimposed basal interstitial fibrosis versus dependent atelectatic change.'],0.94,43.318554639816284,4,24c8e4ec616619725f79d5716685cecbf8ceaf33834e253facae137d730b042d,2,1,False,succeeded,False,False,,,,,
ROUTINE-CT-004,CT,reused prior report-backed CT,gpt-6.1-sol,succeeded,True,False,Minimal lingular linear atelectasis or scarring; no acute thoracic abnormality identified on the supplied sampled images.,"['Chronic lingular scar versus subsegmental atelectasis', 'Possible tiny left lower-lobe subpleural nodule versus vessel or partial-volume artifact']",0.74,57.37310600280762,4,bc4694da226b0335280ae41fe1f96715b0c0015a50b4df2cb90bf19b7197dd0d,1,0,False,succeeded,False,False,,,,,
ROUTINE-CT-004,CT,reused prior report-backed CT,gpt-6-astra,succeeded,True,False,Mild lingular scarring or subsegmental atelectasis; possible tiny left lower-lobe subpleural nodule.,"['Postinflammatory lingular scarring', 'Minor subsegmental atelectasis', 'Small benign subpleural lymph node versus vessel seen end-on']",0.72,43.31662559509277,4,a66dede6a4c0ef4c3fca3e79fdfbcfdd113bd308983dcfcbdacc4f7357786df7,1,0,False,succeeded,False,False,,,,,
ROUTINE-CT-005,CT,reused prior report-backed CT,gpt-6.1-sol,succeeded,True,False,Probable focal lingular scarring with mild localized bronchiectatic change; inflammatory small-airway change is an alternative.,"['Chronic postinfectious lingular scarring with localized bronchiectasis', 'Focal infectious or inflammatory bronchiolitis', 'Minor subsegmental atelectasis']",0.68,62.41047787666321,4,adeb0819b2025934352370b72ab77ad0f3d66072366466dd9825c5309bfb902d,1,0,False,succeeded,False,False,,,,,
ROUTINE-CT-005,CT,reused prior report-backed CT,gpt-6-astra,succeeded,True,False,"Focal lingular bronchiectatic and linear scarring changes, favored to represent postinflammatory change.","['Localized infectious or inflammatory small-airway disease', 'Focal subsegmental atelectasis']",0.72,44.31251549720764,4,7509e7d07af70f46e80ed4a3d37b3e84cdfd5a9871a52dc546c547f9b3a76edf,1,1,True,succeeded,False,False,,,,,
ROUTINE-CT-006,CT,reused prior report-backed CT,gpt-6.1-sol,succeeded,True,False,"Focal left lower lobe consolidation, favored to represent pneumonia; clinical correlation and radiologist review required.","['Aspiration-related consolidation', 'Focal organizing pneumonia', 'Focal atelectasis']",0.83,49.2558970451355,4,1032035116e49c626c2f1338ac90aac0da4c2e4314d025e73ea8502841fa9f4a,0,0,,succeeded,False,False,,,,,
ROUTINE-CT-006,CT,reused prior report-backed CT,gpt-6-astra,succeeded,True,False,"Left lower lobe consolidation, predominantly in the superior segment, favored to represent pneumonia; provisional interpretation for radiologist review.","['Aspiration-related pneumonia', 'Focal organizing pneumonia', 'Atelectasis with superimposed inflammation']",0.85,38.30458164215088,4,93b957b4a64784626e7d73cdaa85516d4541fbd38b0c0972c53c7274b03f30c8,0,0,,succeeded,False,False,,,,,
ROUTINE-CT-007,CT,reused prior report-backed CT,gpt-6.1-sol,succeeded,True,False,Probable pulmonary edema with moderate bilateral pleural effusions and associated dependent atelectasis.,"['Multifocal pneumonia with associated pleural effusions.', 'Noncardiogenic pulmonary edema.']",0.82,52.342631101608276,4,896f1e797e6e97501c74734dcff23b4618d98b5eb2885c2c47be703e219f3452,2,1,False,succeeded,False,False,,,,,
ROUTINE-CT-007,CT,reused prior report-backed CT,gpt-6-astra,succeeded,True,False,Probable hydrostatic pulmonary edema with bilateral pleural effusions and associated dependent atelectasis.,"['Multifocal pneumonia superimposed on edema or atelectasis', 'Noncardiogenic pulmonary edema']",0.86,42.327178955078125,4,0af680d68ae6e0f61b2584765e26ce7d800b4c331726e22f5543f06b2a9ab548,2,1,False,succeeded,False,False,,,,,
ROUTINE-CT-008,CT,reused prior report-backed CT,gpt-6.1-sol,succeeded,True,False,Minimal dependent bibasilar atelectatic change; no convincing acute thoracic abnormality on the sampled images.,['Minor chronic bibasilar linear scarring'],0.78,61.37114191055298,4,0a53b56f63c256a18e0fb1a818231c3375ff779b18f82032b5708cbe02b520f1,2,0,False,succeeded,False,False,,,,,
ROUTINE-CT-008,CT,reused prior report-backed CT,gpt-6-astra,succeeded,True,False,Minimal dependent bibasal atelectatic change; no convincing acute thoracic abnormality in the sampled images.,['Minor chronic basilar scarring'],0.8,42.29762601852417,4,0d16a6be5257dabaf14b916c44b97eeaaf143505584910ba56eecb4a944cee42,2,0,False,succeeded,False,False,,,,,
ROUTINE-CT-009,CT,reused prior report-backed CT,gpt-6.1-sol,succeeded,True,False,"Mild dependent bibasal pulmonary opacity, favored to represent hypoventilatory atelectatic change.","['Mild nonspecific inflammatory ground-glass change, less favored.']",0.76,57.42945218086243,4,5badd61313541ea99e3123de7b63d1ebbba4f96712ea8c3c33c5cea579b57396,0,0,,succeeded,False,False,,,,,
ROUTINE-CT-009,CT,reused prior report-backed CT,gpt-6-astra,succeeded,True,False,"Mild dependent bibasilar pulmonary opacity, favored to represent hypoventilatory atelectatic change.","['Mild inflammatory ground-glass change, less favored.']",0.76,38.281779289245605,4,7e220041b39988cf3b5c8db219a8572938b27fcb1ef8dd95b8d650e0c5eb9e5e,0,0,,succeeded,False,False,,,,,
ROUTINE-CT-010,CT,reused prior report-backed CT,gpt-6.1-sol,succeeded,True,False,"Mild bibasal linear atelectatic changes, greater on the left, with possible chronic scarring.",['Chronic postinflammatory linear scarring'],0.77,49.333518981933594,4,0ecbb9f63cce04c51a8c0d875e6d05610afccd99f4f7279c6a4695a9b9a762eb,2,0,False,succeeded,False,False,,,,,
ROUTINE-CT-010,CT,reused prior report-backed CT,gpt-6-astra,succeeded,True,False,Mild bibasal airway wall thickening with possible cylindrical bronchiectasis and minimal left basilar/lingular linear atelectatic or scar-like change.,"['Chronic inflammatory airways disease', 'Postinfectious airway change', 'Dependent subsegmental atelectasis']",0.7,44.30146360397339,4,511067d1fc77c4589b0d1fa1d4d44ff86435254f94cade88eeeac9f62b8a1197,2,0,False,succeeded,False,False,,,,,
ROUTINE-CT-011,CT,reused prior report-backed CT,gpt-6.1-sol,succeeded,True,False,Minimal dependent bibasilar atelectatic change; no convincing acute thoracic abnormality identified on the supplied sampled images.,['Physiologic dependent hypoventilatory opacity'],0.8,49.36352348327637,4,d30677ba8cf7557e91d542c32cff0d3b5e724a1370d77acd7ffe0cb44d5d947f,1,0,False,succeeded,False,False,,,,,
ROUTINE-CT-011,CT,reused prior report-backed CT,gpt-6-astra,succeeded,True,False,Minimal dependent bibasilar atelectatic change; no definite acute thoracic abnormality on the supplied sampled images.,"['Dependent hypoventilatory opacity', 'Minor basilar scarring']",0.8,39.31031894683838,4,e01f421e69bd0ff25e60e4cb43e9fc60e5a3a4978c36fbb195a5ea1140057e21,1,1,True,succeeded,False,False,,,,,
ROUTINE-CT-012,CT,reused prior report-backed CT,gpt-6.1-sol,succeeded,True,False,Minimal lingular linear atelectasis or scarring; no definite acute thoracic abnormality identified on the supplied sampled images.,"['Subsegmental lingular atelectasis', 'Chronic postinflammatory lingular scarring']",0.76,64.42907786369324,4,0bf71f34244bd07c35d90842afa4f087e7dcce1d5862d2dbd949c905e9fc8604,3,0,False,succeeded,False,False,,,,,
ROUTINE-CT-012,CT,reused prior report-backed CT,gpt-6-astra,succeeded,True,False,Minimal lingular linear atelectasis or scarring; no definite acute intrathoracic abnormality on the supplied sampled CT images.,"['Minor subsegmental atelectasis', 'Minimal postinflammatory scarring']",0.78,54.37710642814636,4,60662b59f453000b157da7e9fb6ada5eccb0ce3fade5216bcf124a33f2ec3dc0,3,0,False,succeeded,False,False,,,,,
ROUTINE-CT-013,CT,reused prior report-backed CT,gpt-6.1-sol,succeeded,True,False,No definite acute thoracic abnormality on the sampled CT images; minimal dependent right basilar atelectatic change.,['Minimal dependent atelectasis versus positional hypoventilatory change.'],0.78,50.36209058761597,4,541e83c884338df27bf81a486721b3ba06df7fe21cdad205dc5cdd505f60045f,1,0,False,succeeded,False,False,,,,,
ROUTINE-CT-013,CT,reused prior report-backed CT,gpt-6-astra,succeeded,True,False,No acute intrathoracic abnormality identified on the supplied sampled CT images; minimal dependent right basilar atelectatic change.,[],0.84,41.31285858154297,4,d7095ec690dd39c06729586fd709cf3d65b0a9fa0e68040344892af9242967a1,1,1,True,succeeded,False,False,,,,,
ROUTINE-CT-014,CT,reused prior report-backed CT,gpt-6.1-sol,succeeded,True,False,"Multifocal ground-glass pulmonary opacities, greater in the left upper lobe, favoring an infectious or inflammatory process, with bilateral pleural effusions.","['Multifocal pneumonia, including atypical or viral infection', 'Asymmetric pulmonary edema', 'Organizing pneumonia']",0.76,59.02338123321533,4,ec06bdcc7cde6e3fb553e2766f28d7186ff7a1a4f8f43b63ab2f417c05f6b4bb,1,1,True,succeeded,False,False,,,,,
ROUTINE-CT-014,CT,reused prior report-backed CT,gpt-6-astra,succeeded,True,False,"Multifocal ground-glass pulmonary opacities, greatest in the left upper lobe, favoring infectious or inflammatory pneumonitis, with bilateral pleural effusions and dependent atelectasis.","['Multifocal pneumonia, including atypical infection', 'Asymmetric pulmonary edema', 'Organizing pneumonia']",0.78,41.30762219429016,4,129dcc01f2b9a91d54832cdffbf333979e1b56bc893f9c615a7c74ec867c9fde,1,1,True,succeeded,False,False,,,,,
ROUTINE-CT-015,CT,reused prior report-backed CT,gpt-6.1-sol,succeeded,True,False,No definite acute thoracic abnormality on the supplied sampled CT images; a complete normal examination cannot be established.,[],0.79,54.36073184013367,4,6d4a3b603e750283fd0f165533674284122f29be354540b9b0cc90943497d660,1,0,False,succeeded,False,False,,,,,
ROUTINE-CT-015,CT,reused prior report-backed CT,gpt-6-astra,succeeded,True,False,No definite acute thoracic abnormality identified on the supplied sampled CT images; a normal complete examination cannot be established.,[],0.83,39.32289910316467,4,4602db0f59de73a68499c695000c87e621b8a162d318f228394cc68d6c493563,1,0,False,succeeded,False,False,,,,,
ROUTINE-CT-016,CT,reused prior report-backed CT,gpt-6.1-sol,succeeded,True,False,"Marked focal elevation of the right hemidiaphragm, favoring diaphragmatic eventration with upward displacement of the liver and mild adjacent compressive atelectasis.","['Right diaphragmatic hernia containing liver.', 'Right basal pulmonary or pleural mass, less likely given apparent continuity with liver.']",0.76,63.400282859802246,4,918868b9156280db39acc78911898f35373040e642f18bbb89b0a668b9aa9e0e,0,0,,succeeded,False,False,,,,,
ROUTINE-CT-016,CT,reused prior report-backed CT,gpt-6-astra,succeeded,True,False,"Focal elevation of the posterior right hemidiaphragm containing the hepatic dome, favored to represent diaphragmatic eventration, with mild adjacent right basilar atelectasis.","['Right diaphragmatic hernia containing liver', 'Right hemidiaphragmatic dysfunction']",0.76,39.30904722213745,4,18d700dda10d9abd87c1f1729b2bf196f6f6643e53779f09f51d75ff7a377506,0,0,,succeeded,False,False,,,,,
ROUTINE-CT-017,CT,reused prior report-backed CT,gpt-6.1-sol,succeeded,True,False,"Bilateral multifocal air-space opacities, favoring infectious or inflammatory pneumonia with an organizing pneumonia pattern.","['Organizing pneumonia', 'Multifocal infectious pneumonia, including viral infection', 'Eosinophilic pneumonia']",0.77,63.134275913238525,4,4fe6b9fa7d1639dca3254cc59217389c364ef1acf8039fb9a597af8800a3a3b6,1,0,False,succeeded,False,False,,,,,
ROUTINE-CT-017,CT,reused prior report-backed CT,gpt-6-astra,succeeded,True,False,"Bilateral multifocal airspace disease, favoring multifocal pneumonia with a possible organizing pneumonia pattern.","['Organizing pneumonia, cryptogenic or secondary', 'Viral or atypical multifocal infection', 'Other inflammatory pneumonitis']",0.8,37.295676946640015,4,903740fd8be5ab3aba306e7feb55b91ed143edfcc6d34c97f9db912d997d1711,1,0,False,succeeded,False,False,,,,,
ROUTINE-CT-018,CT,reused prior report-backed CT,gpt-6.1-sol,succeeded,True,False,"Multifocal bilateral pneumonia, with a peripheral ground-glass and organizing pattern suggesting viral infection.","['Viral pneumonia, including COVID-19 if clinically supported', 'Organizing pneumonia', 'Other atypical pulmonary infection']",0.82,51.355637311935425,4,69147910cd997c191e41e0101cc764201999266c5661b7321478bc3067f0932d,0,0,,succeeded,False,False,,,,,
ROUTINE-CT-018,CT,reused prior report-backed CT,gpt-6-astra,succeeded,True,False,"Multifocal bilateral pneumonia, with a peripheral ground-glass and consolidative pattern favoring viral infection; provisional for radiologist review.","['Organizing pneumonia', 'Atypical bacterial bronchopneumonia']",0.82,44.31684970855713,4,19d7d21d7d2769a70fd3380c61ec65f8b3e621d2c38b6007e30cb118bd781a49,0,0,,succeeded,False,False,,,,,
ROUTINE-CT-019,CT,reused prior report-backed CT,gpt-6.1-sol,succeeded,True,False,Mild apical paraseptal emphysema with biapical pleuroparenchymal scarring and minor dependent bibasal atelectatic change.,['Postinflammatory apical scarring with associated subpleural cystic change.'],0.8,61.41445851325989,4,2546d4b87e97229ffc23420ca8abc9b796e9fe9d513559b505e4ef4e57aa96fc,1,1,True,succeeded,False,False,,,,,
ROUTINE-CT-019,CT,reused prior report-backed CT,gpt-6-astra,succeeded,True,False,"Multifocal predominantly sclerotic skeletal abnormalities, suspicious for osteoblastic metastatic disease; primary malignancy cannot be determined from these images.","['Multifocal Paget disease, less likely', 'Other systemic causes of osteosclerosis']",0.83,44.317341804504395,4,e7cd73212c4bc88b97b8a3a01fc1f2943b7a1df699e874d8eadf1587b3773dba,1,1,True,succeeded,False,False,,,,,
ROUTINE-CT-020,CT,reused prior report-backed CT,gpt-6.1-sol,succeeded,True,False,"Focal right middle lobe scarring or subsegmental atelectasis with an associated thin-walled pulmonary air cyst, favored postinflammatory.","['Residual postinfectious pneumatocele with adjacent scarring', 'Localized bulla with adjacent atelectatic change']",0.76,52.36219334602356,4,946defdde7c93e728f3c18389dd3bf978c05989749368ba77f87c7a866aececa,3,0,False,succeeded,False,False,,,,,
ROUTINE-CT-020,CT,reused prior report-backed CT,gpt-6-astra,succeeded,True,False,Mild right middle lobe linear atelectatic or scar-like change with an adjacent focal air-containing cystic space.,"['Postinflammatory scarring with a residual pulmonary cyst', 'Focal bulla with adjacent subsegmental atelectasis']",0.77,38.298481702804565,4,d1706d8847af4f48c230f1b2adcafca10064fb64fe0100d787f5468fff1aef7d,3,1,False,succeeded,False,False,,,,,
ROUTINE-MR-001,MR,reused prior report-backed MR,gpt-6.1-sol,succeeded,True,False,"Cerebral atrophy, greatest in the superior and posterior hemispheres, with focal left parasagittal parietal signal abnormality favored to represent chronic gliosis or remote ischemic injury.","['Small chronic left parietal infarct with gliosis.', 'Nonischemic focal gliosis.', 'Small indolent cortical/subcortical lesion if an expansile component is confirmed.']",0.68,81.09498715400696,4,c66df00afc0b58246dcb08bacfbe48ef38a19d4175c1dc5815c3c08462733b62,0,0,,succeeded,False,False,,,,,
ROUTINE-MR-001,MR,reused prior report-backed MR,gpt-6-astra,succeeded,True,False,Cerebral volume loss with focal left temporal and left parasagittal parietal signal abnormalities of indeterminate cause.,"['Gliosis from previous ischemic or traumatic injury', 'Focal neoplastic lesions, particularly if enhancement or interval growth is demonstrated', 'Inflammatory cortical/subcortical lesions']",0.56,46.30926489830017,4,584ccf8034b8465dadbb078b48bc811333c34a2c3085cdd88ea9b81b11a0d16c,0,0,,succeeded,False,False,,,,,
ROUTINE-MR-002,MR,reused prior report-backed MR,gpt-6.1-sol,succeeded,True,False,No definite intracranial abnormality identified on the supplied sampled brain MRI montages; a normal complete examination cannot be established.,[],0.78,51.31106376647949,4,d388223f0c9ffc0834e34ab905f3ec21fa22fade7c5c0dc812f0185662fba20e,0,0,,succeeded,False,False,,,,,
ROUTINE-MR-002,MR,reused prior report-backed MR,gpt-6-astra,succeeded,True,False,No definite intracranial abnormality identified on the supplied sampled brain MRI images; a complete normal examination cannot be established.,[],0.79,50.31929802894592,4,4ddd200721602863382e73a5a45dad9ef0744924d7d3e2ce811a7fdd7b8a0bc4,0,0,,succeeded,False,False,,,,,
ROUTINE-MR-003,MR,reused prior report-backed MR,gpt-6.1-sol,succeeded,True,False,"Mild nonspecific supratentorial white matter signal changes, favored chronic microvascular gliosis, with mild generalized cerebral volume loss.",['Nonspecific white matter gliosis related to migraine or other prior injury.'],0.73,54.349693059921265,4,c3f879b0c0cd3274f65cfa896808aa603887adb67f7604cdcfd37e86e83826bf,0,0,,succeeded,False,False,,,,,
ROUTINE-MR-003,MR,reused prior report-backed MR,gpt-6-astra,succeeded,True,False,"Mild bilateral cerebral white matter signal abnormalities, favored to represent chronic small vessel ischemic change, with mild generalized cerebral volume loss.","['Nonspecific gliosis, including migraine-associated white matter changes.', 'Demyelinating disease, less favored by the supplied distribution and morphology.']",0.8,39.27916765213013,4,033421539c21400b3f0ffd476373e0521f0ee24a0ee741369511618442102e43,0,0,,succeeded,False,False,,,,,
ROUTINE-MR-004,MR,reused prior report-backed MR,gpt-6.1-sol,succeeded,True,False,"Postoperative intracranial changes with intraventricular pneumocephalus and a right thalamic/upper midbrain masslike abnormality, suspicious for residual tumor.","['Residual infiltrating glial neoplasm with postoperative changes', 'Postoperative edema and tissue injury', 'Evolving hemorrhagic lesion']",0.76,91.6201057434082,4,e5323ea93080ca78d65eeb3e18af13b265ba9ea8acfa766d2e1bea52e3708155,1,1,True,succeeded,False,False,,,,,
ROUTINE-MR-004,MR,reused prior report-backed MR,gpt-6-astra,succeeded,True,False,Postoperative intracranial changes with expansile right thalamic–midbrain signal abnormality suspicious for residual infiltrative neoplasm; postoperative edema may contribute.,"['Residual infiltrative glioma with postoperative change', 'Postoperative edema or gliosis', 'Perioperative ischemic injury, unassessable without diffusion imaging']",0.76,55.05801773071289,4,fadf1b1cebe9f5af5914ea45d4470d8efedb26bb19cc5ceaa54b85e16511453b,1,1,True,succeeded,False,False,,,,,
ROUTINE-MR-005,MR,reused prior report-backed MR,gpt-6.1-sol,succeeded,True,False,No definite significant intracranial abnormality identified on the supplied sampled brain MRI montages; a complete normal examination cannot be established.,[],0.72,45.31117606163025,4,2725b69b7cb2c10f2c12ddd0d9941ba561a4ae3179fcbe13483760a8ff3e4274,0,0,,succeeded,False,False,,,,,
ROUTINE-MR-005,MR,reused prior report-backed MR,gpt-6-astra,succeeded,True,False,No definite structural intracranial abnormality identified on the supplied sampled brain MR images; a complete normal examination cannot be established.,[],0.79,41.320077896118164,4,0f2871113698adaa5f741730d002a2cb773ca0e61ea4177389497bd1ada4ea34,0,0,,succeeded,False,False,,,,,
ROUTINE-MR-006,MR,reused prior report-backed MR,gpt-6.1-sol,succeeded,True,False,"Mild nonspecific supratentorial white-matter signal abnormalities, provisionally favoring chronic microvascular gliosis.","['Migraine-associated white-matter changes', 'Remote inflammatory or other nonspecific gliosis', 'Demyelinating disease, less favored by the sampled distribution']",0.7,65.47172427177429,4,cacd08c84114c990e6f6f506dab9dc066b4c8c97ba41b6cc89bf9982c7f50fe6,0,0,,succeeded,False,False,,,,,
ROUTINE-MR-006,MR,reused prior report-backed MR,gpt-6-astra,succeeded,True,False,"Multifocal white matter T2/FLAIR hyperintensities, predominantly right frontal, of uncertain etiology.","['Demyelinating disease, particularly given the juxtacortical distribution', 'Chronic small-vessel ischemic changes', 'Migraine-associated or other nonspecific gliosis']",0.7,47.760024547576904,4,c032eed18ba52f376964bed68bddd1f31b8791201b4c9386767cc80a547eec37,0,0,,succeeded,False,False,,,,,
ROUTINE-MR-007,MR,reused prior report-backed MR,gpt-6.1-sol,succeeded,True,False,"Minimal nonspecific supratentorial white matter signal abnormalities, potentially reflecting mild chronic microvascular gliosis; interpretation limited to selected MRI slices.","['Mild chronic small-vessel ischemic change', 'Migraine-associated white matter changes', 'Other nonspecific remote inflammatory gliosis']",0.65,55.38135480880737,4,82a111e5664a96190879d7e5c1261424f4b80cf6c50493a1854d002ce7b1f049,1,1,True,succeeded,False,False,,,,,
ROUTINE-MR-007,MR,reused prior report-backed MR,gpt-6-astra,succeeded,True,False,"Mild nonspecific supratentorial white matter signal abnormalities, potentially reflecting chronic small-vessel ischemic change.","['Migraine-associated white matter changes.', 'Remote inflammatory or demyelinating lesions, less favored by the visible distribution.']",0.76,35.27815365791321,4,ea9a5e5cefe11b9773e5985e88853b3d2d1334f3bd14d1616a37c2d3ce479942,1,1,True,succeeded,False,False,,,,,
ROUTINE-MR-008,MR,reused prior report-backed MR,gpt-6.1-sol,succeeded,True,False,"Mild nonspecific supratentorial white-matter signal changes, favored chronic small-vessel change, with mild cerebral volume loss.","['Age-associated white-matter changes', 'Migraine-associated white-matter changes, if supported clinically']",0.65,53.36923789978027,4,c9f4c6b6da792da54a0c19a816afd3617e2000c180008bc7c6c46d5f02cf4868,1,1,True,succeeded,False,False,,,,,
ROUTINE-MR-008,MR,reused prior report-backed MR,gpt-6-astra,succeeded,True,False,"Minimal nonspecific supratentorial white matter signal changes, possibly chronic small-vessel gliosis, with mild cerebral volume loss.","['Chronic microvascular white matter change', 'Migraine-associated or other nonspecific gliosis']",0.7,42.31620478630066,4,4f6054b9487f48d41ce996a5580055c3ffeccba88650f694100ebd682c0d6520,1,1,True,succeeded,False,False,,,,,
ROUTINE-MR-009,MR,reused prior report-backed MR,gpt-6.1-sol,succeeded,True,False,"Extensive asymmetric posterior-predominant cerebral and cerebellar white-matter edema, provisionally favoring posterior reversible encephalopathy syndrome (PRES).","['Cerebral amyloid angiopathy–related inflammation, given asymmetric edema and scattered susceptibility foci.', 'Other inflammatory or toxic-metabolic encephalopathy.']",0.65,63.379648208618164,4,2933fc76c16fa9d926e56d65c1ef7e67d163e471c43ca6476fb1b5314757b229,0,0,,succeeded,False,False,,,,,
ROUTINE-MR-009,MR,reused prior report-backed MR,gpt-6-astra,succeeded,True,False,"Multifocal posterior-predominant vasogenic edema, markedly greater on the right, with scattered susceptibility foci suggesting microhemorrhages. Posterior reversible encephalopathy syndrome (PRES) is provisionally favored.","['Cerebral amyloid angiopathy-related inflammation, given asymmetric edema and lobar susceptibility foci.', 'Other inflammatory or toxic-metabolic encephalopathy.']",0.66,50.33859157562256,4,06621a00cf4f539e40380a135f0d115477c5031aa8660b031c50736651e52125,0,0,,succeeded,False,False,,,,,
ROUTINE-MR-010,MR,reused prior report-backed MR,gpt-6.1-sol,succeeded,True,False,Mild nonspecific supratentorial white matter signal abnormalities on the supplied brain MRI montages.,"['Mild chronic small-vessel white matter change, depending on age and vascular risk factors.', 'Migraine-associated white matter foci.', 'Other nonspecific gliotic foci.']",0.66,60.40885066986084,4,73b01489dffd070b0421f9c2f8b0df6d425b90166b6549d2bf11190ffed77d3a,0,0,,succeeded,False,False,,,,,
ROUTINE-MR-010,MR,reused prior report-backed MR,gpt-6-astra,succeeded,True,False,"Mild nonspecific supratentorial white matter signal abnormalities, potentially reflecting chronic small-vessel change; etiology remains uncertain without age and clinical history.","['Chronic microvascular white matter change', 'Migraine-associated white matter foci', 'Remote inflammatory or demyelinating change, less favored by the sampled distribution']",0.72,40.2997841835022,4,1e21e0361025debb6db26cae453e333c09050a545e696fa216adddb258e4b648,0,0,,succeeded,False,False,,,,,
PUB-70F4E0040817,CBCT,published case figures,gpt-6.1-sol,succeeded,True,False,"Suspected external root resorption of a mandibular posterior molar, with possible ankylosis/replacement resorption on the supplied follow-up images.","['External inflammatory root resorption', 'External cervical resorption extending into the roots', 'Post-treatment alveolar remodeling with rendering-related apparent tooth–bone fusion']",0.46,125.86783361434937,3,b5eeee84b2a4ec6cd1c31db314523b2634771e5387904c0074001a842869f47c,,,,succeeded,False,False,False,False,False,Mandibular first-molar periapical lesion/infection,https://pmc.ncbi.nlm.nih.gov/articles/PMC12718670/
PUB-70F4E0040817,CBCT,published case figures,gpt-6-astra,succeeded,True,False,"Mandibular molar malposition with abnormal root angulation and suspected buccal alveolar dehiscence, most conspicuous on follow-up surface reconstructions.","['Developmental root dilaceration with eccentric positioning within the alveolus.', 'Treatment-associated tooth displacement with loss of buccal bone coverage.', 'Reconstruction or segmentation artifact exaggerating the apparent cortical defect.']",0.55,55.33485007286072,3,815f1a338f12685e96d58e43cebcf531264a6ab7ec61e8a8eafbd66c3af5f85e,,,,controller-failure,True,False,False,False,False,Mandibular first-molar periapical lesion/infection,https://pmc.ncbi.nlm.nih.gov/articles/PMC12718670/
PUB-C6EF6A318D05,CBCT,published case figures,gpt-6.1-sol,succeeded,True,False,Probable ankylosis of the mandibular right first molar with external replacement root resorption and associated infraocclusion.,"['Trauma-related external inflammatory root resorption', 'Primary failure of eruption, less likely given the acquired history and abnormal root contours']",0.83,72.39702081680298,2,3774cb9caf6ab93dc0a391cbb686e542ae984c8f3a173443d60ae1c6e35cd45e,,,,succeeded,False,False,True,True,True,External replacement root resorption,https://pmc.ncbi.nlm.nih.gov/articles/PMC12647393/
PUB-C6EF6A318D05,CBCT,published case figures,gpt-6-astra,succeeded,True,False,Infraocclusion of the mandibular right first molar with suspected dentoalveolar ankylosis and external replacement root resorption.,"['Post-traumatic external inflammatory root resorption.', 'Primary failure of eruption, less likely given the acquired history and root changes.']",0.78,39.29670238494873,2,dbd71ea08f83fec7b77ab7482bc6ecf0b55e67b375b187f7c24905f988f70213,,,,succeeded,False,False,True,True,True,External replacement root resorption,https://pmc.ncbi.nlm.nih.gov/articles/PMC12647393/
PUB-9AE1491E2AFE,CBCT,published case figures,gpt-6.1-sol,succeeded,True,False,"Two probable supplemental supernumerary teeth in the mandibular anterior region, positioned labial to the main dental arch, with associated crowding.",['Retained primary anterior teeth accompanying displaced permanent successors; tooth identification requires clinical correlation.'],0.86,53.33474636077881,2,ff7a26928b6eb6c940a8d4d27536c5df922954c602d5fc1c8fc2272cea656378,,,,succeeded,False,False,False,False,False,Mandibular canine transmigration,https://pmc.ncbi.nlm.nih.gov/articles/PMC12451084/
PUB-9AE1491E2AFE,CBCT,published case figures,gpt-6-astra,succeeded,True,False,Anterior mandibular hyperdontia with two labially positioned supernumerary teeth and associated anterior dental crowding.,['Supplemental supernumerary anterior teeth versus supernumerary teeth of conical/canine-like morphology; definitive classification requires tooth charting.'],0.9,35.2785210609436,2,c393c01d88b462597627448ef4547f83276bc14dd0720d5997c1345091185a43,,,,succeeded,False,False,False,False,False,Mandibular canine transmigration,https://pmc.ncbi.nlm.nih.gov/articles/PMC12451084/
PUB-E78C5AE7F459,CBCT,published case figures,gpt-6.1-sol,succeeded,True,False,"Well-circumscribed mixed-density odontogenic lesion of the anterior maxilla, favor an odontoma associated with an ectopic or unerupted anterior tooth; provisional interpretation for radiologist review.","['Dilated odontoma related to severe dens invaginatus', 'Adenomatoid odontogenic tumor', 'Calcifying odontogenic cyst']",0.62,82.49185276031494,4,335200fa846ea01aeb7e75524aab86a93755d44973ffd3d11fca394d41d0a255,,,,succeeded,False,False,True,True,True,Complex odontoma,https://pmc.ncbi.nlm.nih.gov/articles/PMC12625601/
PUB-E78C5AE7F459,CBCT,published case figures,gpt-6-astra,succeeded,True,False,"Anterior maxillary odontoma, favor compound type, associated with an unerupted and superiorly displaced anterior tooth; provisional imaging diagnosis for radiologist review.","['Complex odontoma', 'Calcifying odontogenic cyst with associated odontoma', 'Adenomatoid odontogenic tumor']",0.76,36.28526067733765,4,c1bc4787cdbce4f0d2f9733a5b93c38ccab87e401a9fff11163be68512f89055,,,,succeeded,False,False,True,True,True,Complex odontoma,https://pmc.ncbi.nlm.nih.gov/articles/PMC12625601/
PUB-2CFF8E9D16D2,CBCT,published case figures,gpt-6.1-sol,succeeded,True,False,"Posterior right mandibular lingual bone defect, favored to represent a Stafne-type bone cavity.","['Simple bone cyst', 'Odontogenic keratocyst']",0.64,81.4550986289978,1,71d4cba0adc6ea4f82f6d097b15149b4e97bd5cca7513aed7d8bb4d247a70fd2,,,,succeeded,False,False,False,False,True,Aneurysmal bone cyst with dentigerous cyst,https://pmc.ncbi.nlm.nih.gov/articles/PMC12767806/
PUB-2CFF8E9D16D2,CBCT,published case figures,gpt-6-astra,succeeded,True,False,Probable Stafne bone cavity (lingual mandibular bone depression) in the right posterior mandible.,"['Simple bone cyst', 'Odontogenic keratocyst']",0.65,48.3109929561615,1,3abd216da4fefe14681f5acbef38368014f7cbb1397582ad66edbfbbd5675486,,,,succeeded,False,False,False,False,False,Aneurysmal bone cyst with dentigerous cyst,https://pmc.ncbi.nlm.nih.gov/articles/PMC12767806/
PUB-29C6AC8DAF18,FL,published case figures,gpt-6.1-sol,succeeded,True,False,"Probable oropharyngeal dysphagia with pharyngeal contrast retention and suspected airway entry, potentially neurogenic given the supplied traumatic brain injury history.","['Impaired pharyngeal clearance and airway protection following traumatic brain injury', 'Impaired upper esophageal sphincter opening contributing to pharyngeal retention']",0.61,72.06164288520813,1,50012cd176c8371a4cac079c2da9a24bb4d1a2a1b1873dfd16472778370a1a5b,,,,succeeded,False,False,True,True,True,Post-traumatic dysphagia,https://pmc.ncbi.nlm.nih.gov/articles/PMC12689878/
PUB-29C6AC8DAF18,FL,published case figures,gpt-6-astra,succeeded,True,False,Probable pharyngeal dysphagia with retained pharyngeal contrast; a neurogenic mechanism is favored by the supplied traumatic brain injury history.,"['Impaired upper esophageal sphincter opening contributing to hypopharyngeal retention', 'Reduced pharyngeal propulsion or impaired swallow coordination']",0.6,38.299373626708984,1,ff38a10bf877ff8ad01e337d12022ff6b57c3d2b359ade0ce069262002363bcf,,,,controller-failure,True,False,True,True,True,Post-traumatic dysphagia,https://pmc.ncbi.nlm.nih.gov/articles/PMC12689878/
PUB-3A62F84ACFE5,FL,published case figures,gpt-6.1-sol,succeeded,True,False,"Probable gastric diverticulum, likely arising from the posterior proximal stomach.","['Duodenal diverticulum if anatomical localization differs on additional views.', 'Superimposed normal duodenal bulb mimicking a gastric outpouching.']",0.77,85.48760437965393,1,5584720f7ae6783c4c2d630216ded6b65457ab171ce6d2de9edbb032dc53c019,,,,controller-failure,True,False,True,True,True,Gastric diverticulum,https://pmc.ncbi.nlm.nih.gov/articles/PMC12338180/
PUB-3A62F84ACFE5,FL,published case figures,gpt-6-astra,succeeded,True,False,Probable gastric diverticulum.,"['Duodenal diverticulum if the apparent gastric localization is incorrect.', 'Ulcer-related gastric outpouching, less likely given the smooth contour.']",0.79,44.85254526138306,1,3909c223538c3775be139029304c2c5edf6dfcd7822781c73de9e4c416b1438c,,,,controller-failure,True,False,True,True,True,Gastric diverticulum,https://pmc.ncbi.nlm.nih.gov/articles/PMC12338180/
PUB-02881C90FD9F,FL,published case figures,gpt-6.1-sol,succeeded,True,False,Suspected postoperative gastrojejunocolic fistula involving the gastrojejunal anastomosis.,"['Gastrocolic fistula without demonstrable jejunal involvement.', 'Jejunocolic fistula adjacent to the gastrojejunal anastomosis.']",0.8,43.28057026863098,1,3bf75ae91862730216fa22322499cf374e8c0c81ae28bcafb53befae306eefec,,,,controller-failure,True,False,True,True,True,Gastrojejunocolic fistula,https://pmc.ncbi.nlm.nih.gov/articles/PMC12324042/
PUB-02881C90FD9F,FL,published case figures,gpt-6-astra,succeeded,True,False,Probable postoperative gastrojejunocolic fistula involving the gastric remnant/gastrojejunal anastomosis and adjacent colon.,"['Direct gastrocolic fistula without demonstrable jejunal involvement.', 'Jejunocolic fistula near the gastrojejunal anastomosis.']",0.86,41.624834060668945,1,8f57f3eaebd67c07d5ad9c88168595da5185f5cf2a38a7043ac3d3f5532c3f66,,,,controller-failure,True,False,True,True,True,Gastrojejunocolic fistula,https://pmc.ncbi.nlm.nih.gov/articles/PMC12324042/
PUB-1803DDC4A439,FL,published case figures,gpt-6.1-sol,succeeded,True,False,"Findings favor esophageal achalasia, pending confirmation with manometry and exclusion of mechanical obstruction.","['Pseudoachalasia from an obstructing gastroesophageal-junction lesion', 'Benign distal esophageal stricture']",0.85,41.29925894737244,2,3bbb86c99ce22132b95e74cc5929d33beac22d872842a097966d50e5164db860,,,,controller-failure,True,False,False,False,True,Esophageal duplication cyst,https://pmc.ncbi.nlm.nih.gov/articles/PMC12494590/
PUB-1803DDC4A439,FL,published case figures,gpt-6-astra,succeeded,True,False,"Probable esophageal achalasia, with esophageal dilatation and smooth distal tapering; provisional interpretation for radiologist review.","['Benign distal esophageal stricture', 'Pseudoachalasia from an occult gastroesophageal junction lesion']",0.8,39.18718218803406,2,c79f16f0920812206f1119ac2e6a8aed76ac20dd787bd86e23e23dcf4aab94bf,,,,controller-failure,True,False,False,False,True,Esophageal duplication cyst,https://pmc.ncbi.nlm.nih.gov/articles/PMC12494590/
PUB-83C6B6C804DD,NM,published case figures,gpt-6.1-sol,succeeded,True,False,"Suspected malignancy involving the excluded infrarenal aortic aneurysm sac after EVAR, with aortic sarcoma, including angiosarcoma, favored. Widespread tracer-avid nodules in view-003.png raise concern for disseminated disease; histologic confirmation is required.","['Aortic endograft infection with inflammatory tissue', 'Lymphoma involving the periaortic tissues', 'Another metastatic malignancy involving the aneurysm sac']",0.71,61.37095093727112,3,50e87007c81a1cfc14ff2bc96e71aa423ce818e4590029ae52b050e36e17c037,,,,controller-failure,True,False,True,True,True,Primary aortic angiosarcoma,https://pmc.ncbi.nlm.nih.gov/articles/PMC12808875/
PUB-83C6B6C804DD,NM,published case figures,gpt-6-astra,succeeded,True,False,"Suspected malignancy centered on the excluded infrarenal aortic aneurysm sac, favoring primary aortic sarcoma, including angiosarcoma, with disseminated predominantly skeletal metastases depicted in view-003.png.","['Aortic endograft infection with disseminated infectious foci.', 'Lymphoma or another malignancy involving the periaortic tissues and skeleton.']",0.76,35.24902009963989,3,7f6c9a484ef7a5794038028f474ca9fc8ab4cd6cf54ce5d0e725b0a8e71e8089,,,,controller-failure,True,False,True,True,False,Primary aortic angiosarcoma,https://pmc.ncbi.nlm.nih.gov/articles/PMC12808875/
PUB-D727B66665EB,NM,published case figures,gpt-6.1-sol,succeeded,True,False,"Patchy myocardial radiotracer uptake, suspicious for cardiac sarcoidosis if obtained with an adequately prepared FDG PET protocol.","['Physiological myocardial FDG uptake from incomplete suppression', 'Other inflammatory myocarditis']",0.56,53.281903982162476,1,1724356c1f049cbab650b1176ad9daf2d9c788e899bc9e70177a10b8f16bf871,,,,controller-failure,True,False,True,True,True,Cardiac sarcoidosis,https://pmc.ncbi.nlm.nih.gov/articles/PMC12813286/
PUB-D727B66665EB,NM,published case figures,gpt-6-astra,succeeded,True,False,"Heterogeneous myocardial tracer uptake suspicious for active myocardial inflammation, with cardiac sarcoidosis a leading consideration if adequate physiological myocardial suppression was achieved.","['Physiological myocardial uptake or incomplete myocardial suppression', 'Other inflammatory myocarditis']",0.57,37.23910307884216,1,15c7dc59cf89337024dd93f798765387d247147603804318f2fd1af8417dc65e,,,,controller-failure,True,False,True,True,True,Cardiac sarcoidosis,https://pmc.ncbi.nlm.nih.gov/articles/PMC12813286/
PUB-D5A5DD6AA04E,NM,published case figures,gpt-6.1-sol,succeeded,True,False,"Radiotracer-avid anterior mediastinal neoplasm, provisionally favoring a thymic epithelial tumor. Follow-up splenic and right lower-lobe pulmonary uptake is suspicious but insufficient to establish metastatic disease.","['Thymic epithelial malignancy, including thymic carcinoma', 'Lymphoma involving the anterior mediastinum', 'Anterior mediastinal germ-cell tumor']",0.58,62.32921504974365,3,b194356b6efd15b1b295b55b2bd4f19ce1d4966084114efb97942d2038b5b34f,,,,controller-failure,True,False,False,False,True,Thymoma with splenic metastasis,https://pmc.ncbi.nlm.nih.gov/articles/PMC12771140/
PUB-D5A5DD6AA04E,NM,published case figures,gpt-6-astra,succeeded,True,False,"Tracer-avid anterior mediastinal neoplasm, favoring a thymic epithelial malignancy, with follow-up splenic and right lower-lobe lesions suspicious for metastatic involvement.","['Lymphoma with mediastinal and extranodal involvement.', 'Anterior mediastinal germ-cell malignancy with metastases.', 'Separate inflammatory or infectious splenic and pulmonary lesions in a patient with a mediastinal neoplasm.']",0.6,36.24310111999512,3,c0a8e27e7306d4c938e96d3072f1f7d6cefee40e7d775964bf1296b5b6a9215c,,,,controller-failure,True,False,False,False,True,Thymoma with splenic metastasis,https://pmc.ncbi.nlm.nih.gov/articles/PMC12771140/
PUB-780EEBF8DF70,NM,published case figures,gpt-6.1-sol,succeeded,True,False,"Suspected secondary cardiac involvement by lymphoma, involving the posterior left atrial region and right inferior pulmonary vein.","['Primary cardiac neoplasm, particularly atrial sarcoma', 'Organized atrial or pulmonary venous thrombus']",0.76,52.08490300178528,1,ea2e6288fb3a45ee25025cc27d09412fb1c37b367372061164adf83faa2e25d0,,,,controller-failure,True,False,True,True,True,Recurrent lymphoma involving pulmonary vein,https://pmc.ncbi.nlm.nih.gov/articles/PMC12723220/
PUB-780EEBF8DF70,NM,published case figures,gpt-6-astra,succeeded,True,False,"Suspected lymphomatous involvement of the right pulmonary venous–left atrial junction, with focal metabolic activity; residual or recurrent disease cannot be established from these selected follow-up images alone.","['Pulmonary venous or left atrial thrombus', 'Another cardiac or pulmonary venous neoplasm', 'Post-treatment inflammatory change']",0.6,36.23467826843262,1,b2b38c4f79376a55baafbe185dbdfc73102b888e16ce65aa1bac0c44d1a0477e,,,,controller-failure,True,False,True,True,False,Recurrent lymphoma involving pulmonary vein,https://pmc.ncbi.nlm.nih.gov/articles/PMC12723220/
PUB-8355333F71C8,NM,published case figures,gpt-6.1-sol,succeeded,True,False,"Bulky prostatic malignancy, most consistent with prostate carcinoma given the supplied PSA, with marked apparent local treatment response on selected follow-up images.","['Prostatic adenocarcinoma', 'Prostatic carcinoma with neuroendocrine differentiation', 'Other malignant prostatic tumor, including sarcoma']",0.84,57.3338668346405,2,08297b88cbca5f0ae08eb2873fa8dc3b34d8d67d90196dd3b8df9d5d367c4d89,,,,controller-failure,True,False,False,False,True,Large-cell neuroendocrine prostate carcinoma,https://pmc.ncbi.nlm.nih.gov/articles/PMC12625026/
PUB-8355333F71C8,NM,published case figures,gpt-6-astra,succeeded,True,False,"Bulky prostatic malignancy, most likely prostate carcinoma given the markedly elevated PSA, with suspected postoperative residual/recurrent pelvic disease and subsequent marked imaging response.","['Conventional prostatic adenocarcinoma', 'Prostatic carcinoma with variant histology; subtype cannot be determined from these images', 'Post-treatment inflammatory or urinary tracer activity contributing to follow-up pelvic uptake']",0.82,37.30194330215454,2,d8527d824fb909c9bd5ac671ab4ee87faff12b977dd9606e71379063bd467281,,,,controller-failure,True,False,False,False,True,Large-cell neuroendocrine prostate carcinoma,https://pmc.ncbi.nlm.nih.gov/articles/PMC12625026/
PUB-8D7F99268316,MG,published case figures,gpt-6.1-sol,succeeded,True,False,Suspicious right-breast focal asymmetry with possible architectural distortion; breast carcinoma requires exclusion.,"['Invasive breast carcinoma', 'Radial scar/complex sclerosing lesion', 'Overlapping fibroglandular tissue']",0.66,48.27853274345398,1,d658904d208b1a2be6cca20d0247627dc5c79eefc50042d86fe3e32595254eb3,,,,controller-failure,True,False,False,False,True,Ductal carcinoma in situ,https://pmc.ncbi.nlm.nih.gov/articles/PMC12830000/
PUB-8D7F99268316,MG,published case figures,gpt-6-astra,succeeded,True,False,"Indeterminate right-breast asymmetry with possible architectural distortion, requiring diagnostic assessment to exclude malignancy.","['Invasive breast carcinoma', 'Radial scar or complex sclerosing lesion', 'Overlapping fibroglandular tissue']",0.59,31.222967624664307,1,0a8d95bff9b4cbbc5b7550ab1419171b769611a463cf25e6f1371f4ab10505a5,,,,controller-failure,True,False,False,False,True,Ductal carcinoma in situ,https://pmc.ncbi.nlm.nih.gov/articles/PMC12830000/
PUB-99B61D5ECFA5,MG,published case figures,gpt-6.1-sol,succeeded,True,False,"Large left breast mass, favor a phyllodes tumor; benign versus malignant subtype cannot be determined from these images.","['Large fibroadenoma', 'Circumscribed invasive breast carcinoma, including mucinous carcinoma']",0.65,47.298301696777344,1,de9613d5b8bd1f7c1f2cd63d4fb858a6ddbe95d2d771520fd8471c1a010dc9b7,,,,controller-failure,True,False,False,False,True,Metaplastic breast carcinoma,https://pmc.ncbi.nlm.nih.gov/articles/PMC12623610/
PUB-99B61D5ECFA5,MG,published case figures,gpt-6-astra,succeeded,True,False,"Large left breast mass, favoring a fibroepithelial neoplasm such as a phyllodes tumor; histologic confirmation is required.","['Giant fibroadenoma', 'Circumscribed invasive breast carcinoma', 'Other mesenchymal breast neoplasm']",0.7,27.20082449913025,1,3f26a17d6f163d69834d078616e97b1e363c4d61a215841dbb8fb7e0bbb23478,,,,controller-failure,True,False,False,False,True,Metaplastic breast carcinoma,https://pmc.ncbi.nlm.nih.gov/articles/PMC12623610/
PUB-A96DC84B6D5D,MG,published case figures,gpt-6.1-sol,succeeded,True,False,"Probable nodular gynecomastia of the left breast, requiring confirmation with complete diagnostic imaging.","['Male breast carcinoma', 'Benign retroareolar mass, including intraductal papilloma']",0.7,45.27538847923279,1,078a81b4f1791d5edf3d817ddb8698f66513afe747968fb734b3c78314513f95,,,,controller-failure,True,False,False,True,True,Male breast carcinoma,https://pmc.ncbi.nlm.nih.gov/articles/PMC12837338/
PUB-A96DC84B6D5D,MG,published case figures,gpt-6-astra,succeeded,True,False,"Indeterminate left retroareolar breast mass, suspicious for a breast neoplasm; invasive ductal carcinoma is the leading malignant consideration.","['Nodular gynecomastia', 'Intraductal papilloma', 'Benign stromal tumor such as myofibroblastoma']",0.65,35.25705409049988,1,b06211bcc1c1a2a9cf1a61d8a66a180e193360151e7f96561cc559894570082d,,,,controller-failure,True,False,True,True,True,Male breast carcinoma,https://pmc.ncbi.nlm.nih.gov/articles/PMC12837338/
PUB-2C1B4421387D,MG,published case figures,gpt-6.1-sol,succeeded,True,False,"Suspicious right breast mass, with primary breast carcinoma the leading imaging consideration; diagnosis remains indeterminate on the supplied single view.","['Primary breast carcinoma', 'Benign fibrosing lesion or stromal fibrosis', 'Breast metastasis, considering the supplied history of colon cancer']",0.64,41.29736924171448,1,3cf2ef6bd3f0857710242aa20f4e1777e06a8a8f5c84028ffe23bc41e6e7249f,,,,controller-failure,True,False,True,True,True,Invasive breast carcinoma in fibrous disease,https://pmc.ncbi.nlm.nih.gov/articles/PMC12699083/
PUB-2C1B4421387D,MG,published case figures,gpt-6-astra,succeeded,True,False,Indeterminate focal asymmetry or obscured mass in the reported right breast; primary breast carcinoma requires exclusion.,"['Primary invasive breast carcinoma', 'Benign stromal fibrosis or sclerosing adenosis', 'Breast metastasis from colorectal carcinoma, less likely but relevant to the supplied history']",0.58,30.24404549598694,1,94e2926930194e65f3702ba9c7f15be208e956c2c8f4df66e1513f73244f212d,,,,controller-failure,True,False,True,True,True,Invasive breast carcinoma in fibrous disease,https://pmc.ncbi.nlm.nih.gov/articles/PMC12699083/
PUB-E87AF71139EE,US,published case figures,gpt-6.1-sol,succeeded,True,False,"Indeterminate right posterior chest-wall mass; a peripheral nerve sheath tumor, particularly schwannoma with cystic degeneration, is favored provisionally.","['Neurofibroma', 'Vascular malformation or vascular soft-tissue tumor', 'Other soft-tissue neoplasm, including sarcoma']",0.52,63.314303398132324,1,e9ecc4a0b5e4b5b14a67788ee3bf3af0e924b26d744dd6a1f5344f7bf7c84873,,,,controller-failure,True,False,False,False,False,Brown tumors from hyperparathyroidism,https://pmc.ncbi.nlm.nih.gov/articles/PMC12812165/
PUB-E87AF71139EE,US,published case figures,gpt-6-astra,succeeded,True,False,"Indeterminate complex cystic and solid chest-wall mass; a peripheral nerve sheath tumor, particularly schwannoma with cystic degeneration, is a provisional consideration.","['Lymphatic or venolymphatic malformation', 'Myxoid soft-tissue neoplasm']",0.43,47.30136489868164,1,a1f9b948b05d0e75fb3eaf4ab81a506a206f04335ddc047fc6b78ca90e07fe5a,,,,controller-failure,True,False,False,False,True,Brown tumors from hyperparathyroidism,https://pmc.ncbi.nlm.nih.gov/articles/PMC12812165/
PUB-4D4E1F4AFFA5,US,published case figures,gpt-6.1-sol,succeeded,True,True,"Suspected fetal limb contracture abnormality within the arthrogryposis/fetal akinesia spectrum, with an associated cystic lesion; a specific diagnosis cannot be established from this montage.","['Multiple pterygium syndrome', 'Other congenital arthrogryposis syndrome', 'Chromosomal abnormality with cystic hygroma and abnormal limb positioning']",0.34,153.69038128852844,1,64829433a0e94fd79cbed43ff773bb1258e2b1246cfcd60f823b9b1ccea31f92,,,,controller-failure,True,False,False,False,False,Anterior urethral valve,https://pmc.ncbi.nlm.nih.gov/articles/PMC12805601/
PUB-4D4E1F4AFFA5,US,published case figures,gpt-6-astra,succeeded,True,False,"Fetal megacystis with suspected bilateral hydronephrosis, concerning for fetal lower urinary tract obstruction.","['Posterior urethral valves, if the fetus is male', 'Urethral stenosis or atresia', 'Nonobstructive megacystis, including megacystis–microcolon–intestinal hypoperistalsis syndrome']",0.66,56.34302020072937,1,95f173ca3c389ae3e6b889b283a3eb4afa27ba7153ef73424c07b50ac391727e,,,,controller-failure,True,False,False,False,True,Anterior urethral valve,https://pmc.ncbi.nlm.nih.gov/articles/PMC12805601/
PUB-A472DC8242D7,US,published case figures,gpt-6.1-sol,succeeded,True,False,Probable partial tear of the left sternocleidomastoid muscle with associated focal hematoma.,"['High-grade sternocleidomastoid strain with hematoma but without a discrete tear', 'Adjacent strap-muscle injury with perimuscular hematoma']",0.79,80.38331937789917,1,82912c907a39f892b3cf0a419b67019e38f3d34942bf1e374fe0a6e9feb050cb,,,,controller-failure,True,False,True,True,True,Sternocleidomastoid rupture and hematoma,https://pmc.ncbi.nlm.nih.gov/articles/PMC12602904/
PUB-A472DC8242D7,US,published case figures,gpt-6-astra,succeeded,True,False,Probable partial tear of the left sternocleidomastoid muscle with associated hematoma.,"['Sternocleidomastoid strain with focal hemorrhage but no discrete fiber rupture', 'Adjacent fascial injury with perimuscular hematoma']",0.8,27.222589254379272,1,a1e8813c388f7f563757ebba7dfbe1c13fabcf6057be5c1c33ef971ca0c301a5,,,,controller-failure,True,False,True,True,True,Sternocleidomastoid rupture and hematoma,https://pmc.ncbi.nlm.nih.gov/articles/PMC12602904/
PUB-80264E4FA58F,US,published case figures,gpt-6.1-sol,succeeded,True,False,"Multifocal choroidal detachments, favoring serous choroidal effusions, on baseline ocular ultrasound; possible associated retinal detachment.","['Hemorrhagic choroidal detachment', 'Exudative retinal detachment associated with posterior ocular inflammation', 'Rhegmatogenous retinal detachment, less favored by the rounded configuration']",0.83,45.297157287597656,2,1e17feeaba3ae01cfdad2f652f33233d13328e90016335b6e014d7f35ebe3b51,,,,controller-failure,True,False,True,True,True,Bilateral uveal/choroidal effusion,https://pmc.ncbi.nlm.nih.gov/articles/PMC12849064/
PUB-80264E4FA58F,US,published case figures,gpt-6-astra,succeeded,True,False,"Choroidal detachments with a uveal effusion pattern, with possible associated retinal detachment; underlying cause indeterminate.","['Inflammatory choroidal effusions, including posterior scleritis.', 'Hemorrhagic choroidal detachments.', 'Retinal detachment mimicking or accompanying choroidal detachment.']",0.77,35.236220836639404,2,44e518ea744dd5d4b52c6c3a6596f9d4a9fbbe5b626d5d1686e484e68d6e4a79,,,,controller-failure,True,False,True,True,True,Bilateral uveal/choroidal effusion,https://pmc.ncbi.nlm.nih.gov/articles/PMC12849064/
PUB-196287C67D8C,DX,published case figures,gpt-6.1-sol,succeeded,True,False,"Right shoulder synovial osteochondromatosis, favored primary, with multiple mineralized loose bodies at baseline and substantially reduced visible burden following treatment.","['Secondary synovial osteochondromatosis, less likely without substantial visible degenerative change.', 'Calcific bursitis, less likely given the numerous discrete rounded bodies.']",0.93,88.49004769325256,2,18206d2ca8c35997957d1393a3d0ce80882bb7929fde0b5d721b7c6f3c9f110f,,,,controller-failure,True,False,True,True,True,Shoulder synovial chondromatosis,https://pmc.ncbi.nlm.nih.gov/articles/PMC12854931/
PUB-196287C67D8C,DX,published case figures,gpt-6-astra,succeeded,True,False,"Right shoulder synovial osteochondromatosis, favored primary, with substantially reduced mineralized loose-body burden on the supplied post-treatment image.","['Secondary synovial osteochondromatosis, less likely without substantial underlying degenerative change.']",0.94,28.21797251701355,2,289bfe67d55dcd782591ee267ea4da3586bc8aeecc9b0a7128070664c87f9922,,,,controller-failure,True,False,True,True,False,Shoulder synovial chondromatosis,https://pmc.ncbi.nlm.nih.gov/articles/PMC12854931/
PUB-238BA28387C2,DX,published case figures,gpt-6.1-sol,succeeded,True,False,"Bilateral calcified pleural plaques, suggesting asbestos-related pleural disease.","['Pleural calcification from prior infection or hemothorax', 'Calcified pulmonary granulomas contributing to some smaller opacities']",0.79,52.34862685203552,1,b92b20f802f5c2701094c97d3536e3d911bc659a90aa673a2a862e8b00b44a00,,,,controller-failure,True,False,False,False,False,Williams-Campbell syndrome,https://pmc.ncbi.nlm.nih.gov/articles/PMC12767946/
PUB-238BA28387C2,DX,published case figures,gpt-6-astra,succeeded,True,False,"Focal thin-walled pulmonary air cyst in the right midlung, favored to represent a bulla.","['Pneumatocele', 'Focal cystic bronchiectasis', 'Residual postinfectious cavity']",0.61,35.26003456115723,1,521450732a5c0653bce89b26577664102a470b2469b48a690de50e3c764e2da7,,,,controller-failure,True,False,False,False,True,Williams-Campbell syndrome,https://pmc.ncbi.nlm.nih.gov/articles/PMC12767946/
PUB-4F933308F0E0,DX,published case figures,gpt-6.1-sol,succeeded,True,False,"Advanced destructive arthropathy of the left knee and left hip, with total knee and hip arthroplasties shown in separate panels; underlying etiology is indeterminate.","['Secondary osteoarthritis, potentially associated with osteonecrosis', 'Chronic inflammatory arthropathy', 'Chronic infectious arthropathy']",0.76,69.34091687202454,2,efbe2a88b5c4c8b2ac35a9d6af6b6118193fda329f4e6cd0009e04d30943afae,,,,controller-failure,True,False,False,False,False,Rapidly destructive hip disease,https://pmc.ncbi.nlm.nih.gov/articles/PMC12727386/
PUB-4F933308F0E0,DX,published case figures,gpt-6-astra,succeeded,True,False,"Advanced destructive arthropathy of the left knee and marked left femoral head/neck loss, with subsequent left knee and hip arthroplasties. The underlying cause is indeterminate.","['Chronic inflammatory arthropathy with secondary degeneration', 'Neuropathic arthropathy', 'Advanced osteonecrosis with secondary joint destruction']",0.77,39.24526286125183,2,07c0638e960dbf046998417ab81a14cce7569dfdb2c910783cbe0892da384f4a,,,,controller-failure,True,False,False,False,False,Rapidly destructive hip disease,https://pmc.ncbi.nlm.nih.gov/articles/PMC12727386/
PUB-63689886B8F4,DX,published case figures,gpt-6.1-sol,succeeded,True,False,"Markedly displaced proximal right humeral fracture adjacent to pre-existing screw fixation, with subsequent plate-and-screw stabilization; a peri-implant insufficiency/stress fracture is suspected.","['Refracture through an incompletely united previous proximal humeral fracture.', 'Acute peri-implant fracture associated with osteopenia and repetitive rehabilitation loading.']",0.79,86.43337392807007,3,418e675f7743f5bcaccf45770d489f36aa3490507db05b5f1050f29b54338487,,,,controller-failure,True,False,True,True,True,Proximal humeral peri-implant fracture,https://pmc.ncbi.nlm.nih.gov/articles/PMC12778971/
PUB-63689886B8F4,DX,published case figures,gpt-6-astra,succeeded,True,False,"Displaced peri-implant fracture of the proximal right humerus adjacent to pre-existing screw fixation, subsequently treated with plate-and-screw fixation with interval healing.","['Stress or insufficiency fracture adjacent to the existing fixation construct, favored given the supplied non-traumatic onset during physiotherapy.', 'Fracture through a previously incompletely united operative site; prior operative details and earlier radiographs are unavailable.']",0.84,51.295509338378906,3,c2b07a5624a1e3b95b093869b916ed357cfc125600c5de576cd2596d3fe4e0c9,,,,controller-failure,True,False,True,True,True,Proximal humeral peri-implant fracture,https://pmc.ncbi.nlm.nih.gov/articles/PMC12778971/
PUB-9AAC0B670C9D,DX,published case figures,gpt-6.1-sol,succeeded,True,False,"Traumatic left elbow dislocation with markedly displaced fractures of both forearm shafts, followed by elbow reduction and plate fixation of the radius and ulna.",['Possible residual radial-head subluxation; radiocapitellar alignment requires confirmation on adequate orthogonal views.'],0.84,121.58989596366882,5,31ef719d8512d27b127c2fbe5c2804847ad62c9322693cf4c0e161292d57a711,,,,controller-failure,True,False,False,False,True,Monteggia fracture-dislocation,https://pmc.ncbi.nlm.nih.gov/articles/PMC12578567/
PUB-9AAC0B670C9D,DX,published case figures,gpt-6-astra,succeeded,True,False,"Left elbow dislocation associated with markedly displaced fractures of both forearm shafts, subsequently reduced and treated with plate fixation and temporary elbow transfixion.",[],0.87,66.41538715362549,5,acead0ea26c51d361671c1a7640f6bf3589964229ca4a363009869b0d9714b12,,,,controller-failure,True,False,False,False,True,Monteggia fracture-dislocation,https://pmc.ncbi.nlm.nih.gov/articles/PMC12578567/
PUB-676463EBB1F0,MR,published case figures,gpt-6.1-sol,succeeded,True,False,"Diffuse pituitary enlargement with marked follow-up regression, favoring lymphocytic hypophysitis in the supplied postpartum context.","['Pituitary hyperplasia secondary to primary hypothyroidism; thyroid laboratory correlation is needed.', 'Pituitary macroadenoma with interval treatment-related regression; treatment details are unavailable.']",0.78,87.50684142112732,5,c8d52a3f2b1f3e9a671c194eab9395b78b10347eb68f2a033bf3702304292d1c,,,,controller-failure,True,False,False,True,False,Pituitary macroadenoma,https://pmc.ncbi.nlm.nih.gov/articles/PMC12707725/
PUB-676463EBB1F0,MR,published case figures,gpt-6-astra,succeeded,True,False,"Probable inflammatory pituitary enlargement (lymphocytic hypophysitis), with marked regression on supplied post-treatment images; provisional for radiologist review.","['Pituitary hyperplasia associated with primary hypothyroidism; thyroid biochemical status is unavailable.', 'Pituitary macroadenoma with treatment-related regression.']",0.72,55.36340832710266,5,a8b5a514d909d9396469cfbf9e329846df962f96d8ecd7d983d64524c74310e2,,,,controller-failure,True,False,False,True,True,Pituitary macroadenoma,https://pmc.ncbi.nlm.nih.gov/articles/PMC12707725/
PUB-5EA2BF35E6A8,MR,published case figures,gpt-6.1-sol,succeeded,True,False,Suspected mid-to-apical left ventricular myocardial edema; stress (Takotsubo) cardiomyopathy is a provisional consideration.,"['Acute myocarditis', 'Acute ischemic myocardial injury']",0.56,65.33440685272217,1,1d5a86f8e7af98c24abd14e0dcded91ea51ea6a84f7468ef8cbd9daed7e6ce43,,,,controller-failure,True,False,True,True,False,Mid-ventricular Takotsubo cardiomyopathy,https://pmc.ncbi.nlm.nih.gov/articles/PMC12998254/
PUB-5EA2BF35E6A8,MR,published case figures,gpt-6-astra,succeeded,True,False,"Suspected myocardial edema, with Takotsubo cardiomyopathy a provisional leading consideration; the supplied still images are not diagnostic of its cause.","['Acute myocarditis', 'Acute ischemic myocardial injury']",0.46,36.23399257659912,1,0693552728869a8b7c4daca53a88d3a7f4133f2d76755141debb458ae75b57ce,,,,controller-failure,True,False,True,True,False,Mid-ventricular Takotsubo cardiomyopathy,https://pmc.ncbi.nlm.nih.gov/articles/PMC12998254/
PUB-00935CF2CB9E,MR,published case figures,gpt-6.1-sol,succeeded,True,False,"Upper thoracic dumbbell-shaped spinal/paraspinal mass, favoring a nerve sheath tumor such as schwannoma, with an intraspinal component causing cord compression.","['Neurofibroma', 'Extradural cavernous venous malformation', 'Ganglioneuroma']",0.68,55.33822798728943,2,07f41631bfe5739d0dfab9097c9e7969d2cc7dee4a7b24536ff4191c309b915c,,,,controller-failure,True,False,False,False,True,Epidural cavernous hemangioma,https://pmc.ncbi.nlm.nih.gov/articles/PMC12715121/
PUB-00935CF2CB9E,MR,published case figures,gpt-6-astra,succeeded,True,False,"Upper thoracic left paravertebral dumbbell-shaped mass with neural foraminal and epidural extension, favoring a nerve sheath tumor such as schwannoma.","['Extradural cavernous hemangioma with paravertebral extension', 'Neurofibroma']",0.66,42.37692070007324,2,886e51f444ae07427dfdf637bbc7acc25d7b16e3edb44852e041e8065d2306db,,,,controller-failure,True,False,False,True,True,Epidural cavernous hemangioma,https://pmc.ncbi.nlm.nih.gov/articles/PMC12715121/
PUB-1605B33C93D3,MR,published case figures,gpt-6.1-sol,succeeded,True,False,Symmetric white-matter abnormalities suspicious for an inherited leukoencephalopathy; a specific subtype cannot be established from these selected figures.,"['Early vanishing white matter disease, particularly if the external-capsule abnormalities represent tissue rarefaction', 'Metachromatic leukodystrophy', 'Prominent perivascular spaces, potentially associated with a metabolic storage disorder']",0.56,98.46927070617676,2,6b7a2d17ffe4f4b43467b220ef6f23b1db6b9878ea4c8cbdea7ef47f01c828d3,,,,controller-failure,True,False,False,False,False,Pelizaeus-Merzbacher disease,https://pmc.ncbi.nlm.nih.gov/articles/PMC12550707/
PUB-1605B33C93D3,MR,published case figures,gpt-6-astra,succeeded,True,False,"Suspected mucopolysaccharidosis-associated brain changes, with numerous enlarged perivascular spaces and symmetric white-matter signal abnormalities; imaging does not establish the biochemical subtype.","['Other lysosomal storage disorder, particularly alpha-mannosidosis.', 'Prominent perivascular spaces with a separate metabolic leukoencephalopathy.']",0.73,50.400803089141846,2,f7ec9f9e412ce3a99dd0ad88ba53e1ca65291e9c085e0f7eabc154301cfbf435,,,,controller-failure,True,False,False,False,False,Pelizaeus-Merzbacher disease,https://pmc.ncbi.nlm.nih.gov/articles/PMC12550707/
PUB-20E08E6C15A0,CT,published case figures,gpt-6.1-sol,succeeded,True,False,"Benign-appearing right anterior nasal cavity neoplasm, provisionally favoring pleomorphic adenoma; histologic confirmation is required.","['Schwannoma', 'Solitary fibrous tumor', 'Angioleiomyoma']",0.58,66.37491941452026,2,4895ef90fde49ebcd5b0889055b19c0710f536518916001b56d99ec0c1a6b5ef,,,,controller-failure,True,False,False,True,True,Nasal solitary fibrous tumor,https://pmc.ncbi.nlm.nih.gov/articles/PMC12718484/
PUB-20E08E6C15A0,CT,published case figures,gpt-6-astra,succeeded,True,False,"Benign-appearing right anterior nasal cavity neoplasm, probably arising from the nasal septum; pleomorphic adenoma is favored provisionally.","['Nasal schwannoma', 'Solitary fibrous tumor', 'Inverted papilloma']",0.52,40.263190031051636,2,66cfc5f8c254739c1eef36770821c55edbc9c43315da75775625415779f6c28d,,,,controller-failure,True,False,False,True,True,Nasal solitary fibrous tumor,https://pmc.ncbi.nlm.nih.gov/articles/PMC12718484/
PUB-2E550704AF7D,CT,published case figures,gpt-6.1-sol,succeeded,True,False,"Giant abdominopelvic cystic collection with marked mass effect, provisionally favoring a pancreatic pseudocyst; pancreatic origin is not established.","['Giant mesenteric or omental cyst', 'Giant hydronephrosis', 'Large cystic neoplasm']",0.55,72.42779278755188,3,080c5242f46be8c9256f62d064231db40a4c49bf811d2966750e18ce408aabc3,,,,controller-failure,True,False,False,True,True,Giant hydronephrosis,https://pmc.ncbi.nlm.nih.gov/articles/PMC12765126/
PUB-2E550704AF7D,CT,published case figures,gpt-6-astra,succeeded,True,False,"Suspected giant left hydronephrosis, with massive cystic dilatation occupying most of the abdomen and pelvis; renal origin requires confirmation.","['Giant mesenteric or retroperitoneal cystic lymphangioma', 'Giant pancreatic pseudocyst', 'Large cystic renal lesion']",0.57,60.3743851184845,3,966d1e761d35fb59345ecc840fbb37848920d0d1e983124e3fbac6ae88c5ba89,,,,controller-failure,True,False,True,True,True,Giant hydronephrosis,https://pmc.ncbi.nlm.nih.gov/articles/PMC12765126/
PUB-D5FE4EEF08C4,CT,published case figures,gpt-6.1-sol,succeeded,True,False,Bilateral chronic parotid sialadenitis; juvenile Sjögren disease is favored when correlated with the supplied xerostomia history.,"['Juvenile recurrent parotitis', 'Bilateral lymphoepithelial salivary gland disease', 'Viral parotitis']",0.68,38.239885330200195,1,741827cab49344c2425ac466186af03c1dbefa56224df914cd0af75d01996bb8,,,,controller-failure,True,False,True,True,True,Primary Sjogren syndrome,https://pmc.ncbi.nlm.nih.gov/articles/PMC12712397/
PUB-D5FE4EEF08C4,CT,published case figures,gpt-6-astra,succeeded,True,False,"Bilateral chronic parotid sialadenitis, suspicious for juvenile Sjögren disease given the supplied history of xerostomia.","['Juvenile recurrent parotitis', 'Chronic obstructive sialadenitis with intraparenchymal microlithiasis']",0.72,29.215789556503296,1,8ad15fccd7518c1f6213e440203a5182fa7543b7b0b3c1ff72f1faec2d0f97e3,,,,controller-failure,True,False,True,True,True,Primary Sjogren syndrome,https://pmc.ncbi.nlm.nih.gov/articles/PMC12712397/
PUB-64D0F43ECB14,CT,published case figures,gpt-6.1-sol,succeeded,True,False,"Acute right-predominant interhemispheric subdural hematoma with right tentorial extension, substantially decreased on supplied follow-up CT images.","['Less likely, an associated parasagittal intraparenchymal hemorrhage or hemorrhagic venous infarction; compartmental localization requires the original series.']",0.9,69.34467005729675,3,02e990e84c6dd8013eb88a6fe716b91207405b5ae1bb80a37e40e0dbb84b7322,,,,controller-failure,True,False,True,True,True,Interhemispheric acute subdural hematoma,https://pmc.ncbi.nlm.nih.gov/articles/PMC12860284/
PUB-64D0F43ECB14,CT,published case figures,gpt-6-astra,succeeded,True,False,"Acute predominantly right interhemispheric/parafalcine subdural hematoma, with right tentorial and convexity extension, substantially decreased on supplied follow-up CT.","['Shunt-associated subdural hemorrhage from altered intracranial pressure and bridging-vein traction; mechanism unconfirmed.', 'Traumatic bridging-vein hemorrhage; no trauma history supplied.']",0.92,56.30062532424927,3,6ba273540466f23ed953259350172cafee53753b6e4350dd55e25061d5d8beda,,,,controller-failure,True,False,True,True,True,Interhemispheric acute subdural hematoma,https://pmc.ncbi.nlm.nih.gov/articles/PMC12860284/
PUB-E5F2A4B0C0F5,CT,published case figures,gpt-6.1-sol,succeeded,True,False,"Enhancing polypoid distal tracheal/carinal mass, suspicious for a primary airway neoplasm; a glomus tumor is a leading consideration.","['Tracheal glomus tumor', 'Endotracheal carcinoid tumor', 'Tracheal squamous cell carcinoma']",0.72,63.06107950210571,1,edbabce68a82dd61b8c72073a1fc9e2e5691f6c8234f455f383655b30aa2bfec,,,,controller-failure,True,False,True,True,True,Endobronchial glomus tumor,https://pmc.ncbi.nlm.nih.gov/articles/PMC12763897/
PUB-E5F2A4B0C0F5,CT,published case figures,gpt-6-astra,succeeded,True,False,"Polypoid distal tracheal neoplasm near the carina, with conspicuous enhancement suggesting a vascular tumor; histologic type is indeterminate.","['Tracheal carcinoid tumor', 'Tracheal glomus tumor', 'Squamous cell carcinoma']",0.73,31.22547173500061,1,fe47d2b4c4122ec5e739ad17d67d28ef2cb592918c4c1204cfbe7f0d5438d1bf,,,,controller-failure,True,False,False,True,True,Endobronchial glomus tumor,https://pmc.ncbi.nlm.nih.gov/articles/PMC12763897/
