model,modality,target,TN,unresolved_positive,FN,FP,unresolved_negative,TP,reference_positive,reference_negative,all_assigned_positive_detection,positive_detection_ci95,all_assigned_correct_negative,correct_negative_ci95,definite_only_sensitivity,definite_only_specificity
gpt-6.1-sol,CXR,cardiomegaly,26,2,4,1,1,1,7,28,0.14285714285714285,"[0.02567962434474355, 0.5131278292743189]",0.9285714285714286,"[0.7735463743160095, 0.9801879358846942]",0.2,0.9629629629629629
gpt-6.1-sol,CXR,focal_consolidation,20,2,2,0,0,1,5,20,0.2,"[0.03622410863243014, 0.6244653702374747]",1.0,"[0.8388748419471806, 1]",0.3333333333333333,1.0
gpt-6.1-sol,CXR,pleural_effusion,24,1,3,0,0,6,10,24,0.6,"[0.31267376973365824, 0.8318196702937638]",1.0,"[0.8620237953250198, 1]",0.6666666666666666,1.0
gpt-6.1-sol,CXR,pneumothorax,29,0,0,0,1,0,0,30,,,0.9666666666666667,"[0.8332960900859082, 0.9940914096183874]",,1.0
gpt-6.1-sol,CT,consolidation,0,0,0,0,1,1,1,1,1.0,"[0.20654931437723745, 1]",0.0,"[0, 0.7934506856227626]",1.0,
gpt-6.1-sol,CT,emphysema,0,4,0,0,0,2,6,0,0.3333333333333333,"[0.09677141110578041, 0.700006684861608]",,,1.0,
gpt-6.1-sol,CT,pleural_effusion,0,0,0,0,8,2,2,8,1.0,"[0.34238022750665303, 1]",0.0,"[0, 0.32440756488388023]",1.0,
gpt-6.1-sol,CT,pulmonary_nodule,0,9,0,0,0,1,10,0,0.1,"[0.017876213095072896, 0.4041500267952385]",,,1.0,
gpt-6.1-sol,MR,atrophy,0,0,0,0,0,0,0,0,,,,,,
gpt-6.1-sol,MR,chronic_infarction,0,0,0,0,0,0,0,0,,,,,,
gpt-6.1-sol,MR,mass_lesion,0,0,0,0,0,1,1,0,1.0,"[0.20654931437723745, 1]",,,1.0,
gpt-6.1-sol,MR,white_matter_signal_abnormality,0,0,0,0,0,2,2,0,1.0,"[0.34238022750665303, 1]",,,1.0,
gpt-6-astra,CXR,cardiomegaly,27,2,4,1,0,1,7,28,0.14285714285714285,"[0.02567962434474355, 0.5131278292743189]",0.9642857142857143,"[0.8228780225664668, 0.9936674801509623]",0.2,0.9642857142857143
gpt-6-astra,CXR,focal_consolidation,20,3,1,0,0,1,5,20,0.2,"[0.03622410863243014, 0.6244653702374747]",1.0,"[0.8388748419471806, 1]",0.5,1.0
gpt-6-astra,CXR,pleural_effusion,24,2,2,0,0,6,10,24,0.6,"[0.31267376973365824, 0.8318196702937638]",1.0,"[0.8620237953250198, 1]",0.75,1.0
gpt-6-astra,CXR,pneumothorax,29,0,0,0,1,0,0,30,,,0.9666666666666667,"[0.8332960900859082, 0.9940914096183874]",,1.0
gpt-6-astra,CT,consolidation,0,0,0,0,1,1,1,1,1.0,"[0.20654931437723745, 1]",0.0,"[0, 0.7934506856227626]",1.0,
gpt-6-astra,CT,emphysema,0,4,0,0,0,2,6,0,0.3333333333333333,"[0.09677141110578041, 0.700006684861608]",,,1.0,
gpt-6-astra,CT,pleural_effusion,4,0,0,0,4,2,2,8,1.0,"[0.34238022750665303, 1]",0.5,"[0.21521606221387757, 0.7847839377861224]",1.0,1.0
gpt-6-astra,CT,pulmonary_nodule,0,9,0,0,0,1,10,0,0.1,"[0.017876213095072896, 0.4041500267952385]",,,1.0,
gpt-6-astra,MR,atrophy,0,0,0,0,0,0,0,0,,,,,,
gpt-6-astra,MR,chronic_infarction,0,0,0,0,0,0,0,0,,,,,,
gpt-6-astra,MR,mass_lesion,0,0,0,0,0,1,1,0,1.0,"[0.20654931437723745, 1]",,,1.0,
gpt-6-astra,MR,white_matter_signal_abnormality,0,0,0,0,0,2,2,0,1.0,"[0.34238022750665303, 1]",,,1.0,
