model,modality,assigned,qualified,abstentions,primary_recognition_count,primary_recognition_rate,primary_recognition_ci95,differential_recognition_count,differential_recognition_rate,differential_recognition_ci95,morphology_recognition_count,morphology_recognition_rate,morphology_recognition_ci95
gpt-6.1-sol,CBCT,5,5,0,2,0.4,"[0.11762077423264783, 0.769275718723987]",2,0.4,"[0.11762077423264783, 0.769275718723987]",3,0.6,"[0.2307242812760128, 0.882379225767352]"
gpt-6.1-sol,FL,4,4,0,3,0.75,"[0.30064184258240184, 0.9544127391902995]",3,0.75,"[0.30064184258240184, 0.9544127391902995]",4,1.0,"[0.5101091635454027, 1]"
gpt-6.1-sol,NM,5,5,0,3,0.6,"[0.2307242812760128, 0.882379225767352]",3,0.6,"[0.2307242812760128, 0.882379225767352]",5,1.0,"[0.5655175352168251, 1]"
gpt-6.1-sol,MG,4,4,0,1,0.25,"[0.04558726080970055, 0.6993581574175981]",2,0.5,"[0.15003898915214947, 0.8499610108478506]",4,1.0,"[0.5101091635454027, 1]"
gpt-6.1-sol,US,4,4,1,2,0.5,"[0.15003898915214947, 0.8499610108478506]",2,0.5,"[0.15003898915214947, 0.8499610108478506]",2,0.5,"[0.15003898915214947, 0.8499610108478506]"
gpt-6.1-sol,DX,5,5,0,2,0.4,"[0.11762077423264783, 0.769275718723987]",2,0.4,"[0.11762077423264783, 0.769275718723987]",3,0.6,"[0.2307242812760128, 0.882379225767352]"
gpt-6.1-sol,MR,4,4,0,1,0.25,"[0.04558726080970055, 0.6993581574175981]",2,0.5,"[0.15003898915214947, 0.8499610108478506]",1,0.25,"[0.04558726080970055, 0.6993581574175981]"
gpt-6.1-sol,CT,5,5,0,3,0.6,"[0.2307242812760128, 0.882379225767352]",5,1.0,"[0.5655175352168251, 1]",5,1.0,"[0.5655175352168251, 1]"
gpt-6-astra,CBCT,5,5,0,2,0.4,"[0.11762077423264783, 0.769275718723987]",2,0.4,"[0.11762077423264783, 0.769275718723987]",2,0.4,"[0.11762077423264783, 0.769275718723987]"
gpt-6-astra,FL,4,4,0,3,0.75,"[0.30064184258240184, 0.9544127391902995]",3,0.75,"[0.30064184258240184, 0.9544127391902995]",4,1.0,"[0.5101091635454027, 1]"
gpt-6-astra,NM,5,5,0,3,0.6,"[0.2307242812760128, 0.882379225767352]",3,0.6,"[0.2307242812760128, 0.882379225767352]",3,0.6,"[0.2307242812760128, 0.882379225767352]"
gpt-6-astra,MG,4,4,0,2,0.5,"[0.15003898915214947, 0.8499610108478506]",2,0.5,"[0.15003898915214947, 0.8499610108478506]",4,1.0,"[0.5101091635454027, 1]"
gpt-6-astra,US,4,4,0,2,0.5,"[0.15003898915214947, 0.8499610108478506]",2,0.5,"[0.15003898915214947, 0.8499610108478506]",4,1.0,"[0.5101091635454027, 1]"
gpt-6-astra,DX,5,5,0,2,0.4,"[0.11762077423264783, 0.769275718723987]",2,0.4,"[0.11762077423264783, 0.769275718723987]",3,0.6,"[0.2307242812760128, 0.882379225767352]"
gpt-6-astra,MR,4,4,0,1,0.25,"[0.04558726080970055, 0.6993581574175981]",3,0.75,"[0.30064184258240184, 0.9544127391902995]",2,0.5,"[0.15003898915214947, 0.8499610108478506]"
gpt-6-astra,CT,5,5,0,3,0.6,"[0.2307242812760128, 0.882379225767352]",5,1.0,"[0.5655175352168251, 1]",5,1.0,"[0.5655175352168251, 1]"
