stage,modality,arm,configuration,model,attempt,assigned,first_attempt_setup_failure_count,setup_recovered_count,first_attempt_qualified_response,status_counts,valid_structured,median_seconds,p95_seconds,latency_measured_count,token_usage_measured_count,token_usage_missing_count,input_tokens_observed_subtotal,cached_input_tokens_observed_subtotal,output_tokens_observed_subtotal,median_confidence
evaluation,CT,A,primary,gpt-6-astra,,10,0,0,"{""numerator"": 4, ""denominator"": 10, ""estimate"": 0.4, ""ci95"": [0.16818032970623614, 0.6873262302663417], ""method"": ""Wilson two-sided 95%""}","{""context_contamination"": 6, ""completed"": 4}","{""numerator"": 4, ""denominator"": 10, ""estimate"": 0.4, ""ci95"": [0.16818032970623614, 0.6873262302663417], ""method"": ""Wilson two-sided 95%""}",133.44,175.071,10,10,0,6318849,5944576,16778,0.77
evaluation,CT,A,primary,gpt-6-luna,,10,0,0,"{""numerator"": 2, ""denominator"": 10, ""estimate"": 0.2, ""ci95"": [0.05668215145437519, 0.5098375284633583], ""method"": ""Wilson two-sided 95%""}","{""context_contamination"": 6, ""budget_exhausted"": 2, ""completed"": 2}","{""numerator"": 2, ""denominator"": 10, ""estimate"": 0.2, ""ci95"": [0.05668215145437519, 0.5098375284633583], ""method"": ""Wilson two-sided 95%""}",92.545,114.43,10,10,0,6095237,5639680,16804,0.85
evaluation,CT,A,primary,gpt-6.1-sol,,10,0,0,"{""numerator"": 4, ""denominator"": 10, ""estimate"": 0.4, ""ci95"": [0.16818032970623614, 0.6873262302663417], ""method"": ""Wilson two-sided 95%""}","{""context_contamination"": 6, ""completed"": 4}","{""numerator"": 4, ""denominator"": 10, ""estimate"": 0.4, ""ci95"": [0.16818032970623614, 0.6873262302663417], ""method"": ""Wilson two-sided 95%""}",140.976,168.982,10,10,0,5922659,5519104,19503,0.77
evaluation,CT,B,delegated,gpt-6-astra,,10,0,0,"{""numerator"": 10, ""denominator"": 10, ""estimate"": 1.0, ""ci95"": [0.7224672001371107, 0.9999999999999999], ""method"": ""Wilson two-sided 95%""}","{""completed"": 10}","{""numerator"": 10, ""denominator"": 10, ""estimate"": 1.0, ""ci95"": [0.7224672001371107, 0.9999999999999999], ""method"": ""Wilson two-sided 95%""}",30.572000000000003,34.689,10,10,0,519295,281984,5148,0.87
evaluation,CT,B,delegated,gpt-6-luna,,10,0,0,"{""numerator"": 10, ""denominator"": 10, ""estimate"": 1.0, ""ci95"": [0.7224672001371107, 0.9999999999999999], ""method"": ""Wilson two-sided 95%""}","{""completed"": 10}","{""numerator"": 10, ""denominator"": 10, ""estimate"": 1.0, ""ci95"": [0.7224672001371107, 0.9999999999999999], ""method"": ""Wilson two-sided 95%""}",20.457,35.849,10,10,0,773089,543104,3576,0.81
evaluation,CT,B,delegated,gpt-6.1-sol,,10,0,0,"{""numerator"": 10, ""denominator"": 10, ""estimate"": 1.0, ""ci95"": [0.7224672001371107, 0.9999999999999999], ""method"": ""Wilson two-sided 95%""}","{""completed"": 10}","{""numerator"": 10, ""denominator"": 10, ""estimate"": 1.0, ""ci95"": [0.7224672001371107, 0.9999999999999999], ""method"": ""Wilson two-sided 95%""}",30.356,35.083,10,10,0,520666,296960,5401,0.875
evaluation,CT,B,primary,google/medgemma-1.5-4b-it,,40,21,21,"{""numerator"": 14, ""denominator"": 40, ""estimate"": 0.35, ""ci95"": [0.2213452887317629, 0.5049411916274231], ""method"": ""Wilson two-sided 95%""}","{""completed"": 32, ""invalid_output"": 8}","{""numerator"": 32, ""denominator"": 40, ""estimate"": 0.8, ""ci95"": [0.652426936536005, 0.895000102745623], ""method"": ""Wilson two-sided 95%""}",24.292,130.325,40,40,0,57240,,21359,0.95
evaluation,CT,B,primary,google/medgemma-1.5-4b-it,repeat1,3,3,3,"{""numerator"": 0, ""denominator"": 3, ""estimate"": 0.0, ""ci95"": [5.551115123125783e-17, 0.5614970317550454], ""method"": ""Wilson two-sided 95%""}","{""completed"": 2, ""invalid_output"": 1}","{""numerator"": 2, ""denominator"": 3, ""estimate"": 0.6666666666666666, ""ci95"": [0.2076596008020477, 0.9385080552796037], ""method"": ""Wilson two-sided 95%""}",22.531,127.678,3,3,0,4293,,2097,0.95
evaluation,CT,B,primary,gpt-6-astra,,40,26,26,"{""numerator"": 14, ""denominator"": 40, ""estimate"": 0.35, ""ci95"": [0.2213452887317629, 0.5049411916274231], ""method"": ""Wilson two-sided 95%""}","{""completed"": 40}","{""numerator"": 40, ""denominator"": 40, ""estimate"": 1.0, ""ci95"": [0.9123783988027135, 1.0], ""method"": ""Wilson two-sided 95%""}",20.948,26.238,40,40,0,1019606,202112,14953,0.865
evaluation,CT,B,primary,gpt-6-astra,repeat1,3,0,0,"{""numerator"": 3, ""denominator"": 3, ""estimate"": 1.0, ""ci95"": [0.4385029682449546, 1.0], ""method"": ""Wilson two-sided 95%""}","{""completed"": 3}","{""numerator"": 3, ""denominator"": 3, ""estimate"": 1.0, ""ci95"": [0.4385029682449546, 1.0], ""method"": ""Wilson two-sided 95%""}",21.267,22.358,3,3,0,75702,13312,1284,0.86
evaluation,CT,B,primary,gpt-6-luna,,40,25,25,"{""numerator"": 15, ""denominator"": 40, ""estimate"": 0.375, ""ci95"": [0.24222979167233266, 0.5296756086269889], ""method"": ""Wilson two-sided 95%""}","{""completed"": 40}","{""numerator"": 40, ""denominator"": 40, ""estimate"": 1.0, ""ci95"": [0.9123783988027135, 1.0], ""method"": ""Wilson two-sided 95%""}",14.638,21.452,40,40,0,994575,197376,12844,0.82
evaluation,CT,B,primary,gpt-6-luna,repeat1,3,0,0,"{""numerator"": 3, ""denominator"": 3, ""estimate"": 1.0, ""ci95"": [0.4385029682449546, 1.0], ""method"": ""Wilson two-sided 95%""}","{""completed"": 3}","{""numerator"": 3, ""denominator"": 3, ""estimate"": 1.0, ""ci95"": [0.4385029682449546, 1.0], ""method"": ""Wilson two-sided 95%""}",17.65,18.104,3,3,0,73834,17664,752,0.78
evaluation,CT,B,primary,gpt-6.1-sol,,40,26,26,"{""numerator"": 14, ""denominator"": 40, ""estimate"": 0.35, ""ci95"": [0.2213452887317629, 0.5049411916274231], ""method"": ""Wilson two-sided 95%""}","{""completed"": 40}","{""numerator"": 40, ""denominator"": 40, ""estimate"": 1.0, ""ci95"": [0.9123783988027135, 1.0], ""method"": ""Wilson two-sided 95%""}",24.082,32.214,40,40,0,1022191,88192,16117,0.875
evaluation,CT,B,primary,gpt-6.1-sol,repeat1,3,0,0,"{""numerator"": 3, ""denominator"": 3, ""estimate"": 1.0, ""ci95"": [0.4385029682449546, 1.0], ""method"": ""Wilson two-sided 95%""}","{""completed"": 3}","{""numerator"": 3, ""denominator"": 3, ""estimate"": 1.0, ""ci95"": [0.4385029682449546, 1.0], ""method"": ""Wilson two-sided 95%""}",23.3,24.037,3,3,0,75898,20352,1189,0.88
evaluation,CT,B,second-reader,gpt-6-astra,,10,0,0,"{""numerator"": 10, ""denominator"": 10, ""estimate"": 1.0, ""ci95"": [0.7224672001371107, 0.9999999999999999], ""method"": ""Wilson two-sided 95%""}","{""completed"": 10}","{""numerator"": 10, ""denominator"": 10, ""estimate"": 1.0, ""ci95"": [0.7224672001371107, 0.9999999999999999], ""method"": ""Wilson two-sided 95%""}",18.791,20.483,10,10,0,261728,53248,3063,0.88
evaluation,CT,B,second-reader,gpt-6-luna,,10,0,0,"{""numerator"": 10, ""denominator"": 10, ""estimate"": 1.0, ""ci95"": [0.7224672001371107, 0.9999999999999999], ""method"": ""Wilson two-sided 95%""}","{""completed"": 10}","{""numerator"": 10, ""denominator"": 10, ""estimate"": 1.0, ""ci95"": [0.7224672001371107, 0.9999999999999999], ""method"": ""Wilson two-sided 95%""}",14.562000000000001,19.418,10,10,0,254901,58880,2856,0.82
evaluation,CT,B,second-reader,gpt-6.1-sol,,10,0,0,"{""numerator"": 10, ""denominator"": 10, ""estimate"": 1.0, ""ci95"": [0.7224672001371107, 0.9999999999999999], ""method"": ""Wilson two-sided 95%""}","{""completed"": 10}","{""numerator"": 10, ""denominator"": 10, ""estimate"": 1.0, ""ci95"": [0.7224672001371107, 0.9999999999999999], ""method"": ""Wilson two-sided 95%""}",19.908,23.037,10,10,0,262250,61056,3285,0.865
evaluation,CT,B,self-review,gpt-6-astra,,3,0,0,"{""numerator"": 3, ""denominator"": 3, ""estimate"": 1.0, ""ci95"": [0.4385029682449546, 1.0], ""method"": ""Wilson two-sided 95%""}","{""completed"": 3}","{""numerator"": 3, ""denominator"": 3, ""estimate"": 1.0, ""ci95"": [0.4385029682449546, 1.0], ""method"": ""Wilson two-sided 95%""}",14.63,21.089,3,3,0,76755,13312,821,0.9
evaluation,CT,B,self-review,gpt-6-luna,,3,0,0,"{""numerator"": 3, ""denominator"": 3, ""estimate"": 1.0, ""ci95"": [0.4385029682449546, 1.0], ""method"": ""Wilson two-sided 95%""}","{""completed"": 3}","{""numerator"": 3, ""denominator"": 3, ""estimate"": 1.0, ""ci95"": [0.4385029682449546, 1.0], ""method"": ""Wilson two-sided 95%""}",14.48,20.705,3,3,0,74729,17664,954,0.78
evaluation,CT,B,self-review,gpt-6.1-sol,,3,0,0,"{""numerator"": 3, ""denominator"": 3, ""estimate"": 1.0, ""ci95"": [0.4385029682449546, 1.0], ""method"": ""Wilson two-sided 95%""}","{""completed"": 3}","{""numerator"": 3, ""denominator"": 3, ""estimate"": 1.0, ""ci95"": [0.4385029682449546, 1.0], ""method"": ""Wilson two-sided 95%""}",17.414,19.121,3,3,0,76950,20352,861,0.86
evaluation,CXR,A,primary,gpt-6-astra,,20,0,0,"{""numerator"": 20, ""denominator"": 20, ""estimate"": 1.0, ""ci95"": [0.8388748419471806, 1.0], ""method"": ""Wilson two-sided 95%""}","{""completed"": 20}","{""numerator"": 20, ""denominator"": 20, ""estimate"": 1.0, ""ci95"": [0.8388748419471806, 1.0], ""method"": ""Wilson two-sided 95%""}",65.32,77.465,20,20,0,4543841,4058752,17823,0.915
evaluation,CXR,A,primary,gpt-6-luna,,20,0,0,"{""numerator"": 20, ""denominator"": 20, ""estimate"": 1.0, ""ci95"": [0.8388748419471806, 1.0], ""method"": ""Wilson two-sided 95%""}","{""completed"": 20}","{""numerator"": 20, ""denominator"": 20, ""estimate"": 1.0, ""ci95"": [0.8388748419471806, 1.0], ""method"": ""Wilson two-sided 95%""}",33.943,45.928,20,20,0,3336020,2837120,16140,0.88
evaluation,CXR,A,primary,gpt-6.1-sol,,20,0,0,"{""numerator"": 19, ""denominator"": 20, ""estimate"": 0.95, ""ci95"": [0.763868806553258, 0.9911185511992047], ""method"": ""Wilson two-sided 95%""}","{""completed"": 19, ""timeout"": 1}","{""numerator"": 19, ""denominator"": 20, ""estimate"": 0.95, ""ci95"": [0.763868806553258, 0.9911185511992047], ""method"": ""Wilson two-sided 95%""}",66.4705,107.457,20,20,0,4713348,4204416,20219,0.92
evaluation,CXR,B,delegated,gpt-6-astra,,20,1,1,"{""numerator"": 19, ""denominator"": 20, ""estimate"": 0.95, ""ci95"": [0.763868806553258, 0.9911185511992047], ""method"": ""Wilson two-sided 95%""}","{""completed"": 20}","{""numerator"": 20, ""denominator"": 20, ""estimate"": 1.0, ""ci95"": [0.8388748419471806, 1.0], ""method"": ""Wilson two-sided 95%""}",21.936,28.725,20,20,0,628597,375808,7850,0.94
evaluation,CXR,B,delegated,gpt-6-luna,,20,3,3,"{""numerator"": 17, ""denominator"": 20, ""estimate"": 0.85, ""ci95"": [0.6395811352592431, 0.9476312541037835], ""method"": ""Wilson two-sided 95%""}","{""completed"": 20}","{""numerator"": 20, ""denominator"": 20, ""estimate"": 1.0, ""ci95"": [0.8388748419471806, 1.0], ""method"": ""Wilson two-sided 95%""}",14.952,19.322,20,20,0,971147,716288,6262,0.87
evaluation,CXR,B,delegated,gpt-6.1-sol,,20,2,2,"{""numerator"": 18, ""denominator"": 20, ""estimate"": 0.9, ""ci95"": [0.6989663547715128, 0.9721335187862319], ""method"": ""Wilson two-sided 95%""}","{""completed"": 20}","{""numerator"": 20, ""denominator"": 20, ""estimate"": 1.0, ""ci95"": [0.8388748419471806, 1.0], ""method"": ""Wilson two-sided 95%""}",21.509999999999998,28.997,20,20,0,631399,383488,8214,0.94
evaluation,CXR,B,primary,google/medgemma-1.5-4b-it,,60,59,59,"{""numerator"": 1, ""denominator"": 60, ""estimate"": 0.016666666666666666, ""ci95"": [0.0029481597947862495, 0.08855129727590061], ""method"": ""Wilson two-sided 95%""}","{""completed"": 60}","{""numerator"": 60, ""denominator"": 60, ""estimate"": 1.0, ""ci95"": [0.93982814785791, 0.9999999999999998], ""method"": ""Wilson two-sided 95%""}",18.6475,21.784,60,60,0,52378,,14993,0.9
evaluation,CXR,B,primary,google/medgemma-1.5-4b-it,repeat1,5,4,4,"{""numerator"": 1, ""denominator"": 5, ""estimate"": 0.2, ""ci95"": [0.03622410863243014, 0.6244653702374747], ""method"": ""Wilson two-sided 95%""}","{""completed"": 5}","{""numerator"": 5, ""denominator"": 5, ""estimate"": 1.0, ""ci95"": [0.5655175352168251, 1.0], ""method"": ""Wilson two-sided 95%""}",18.509,21.268,5,5,0,4520,,1218,0.95
evaluation,CXR,B,primary,gpt-6-astra,,60,2,2,"{""numerator"": 58, ""denominator"": 60, ""estimate"": 0.9666666666666667, ""ci95"": [0.886362257256914, 0.9908106807438021], ""method"": ""Wilson two-sided 95%""}","{""completed"": 60}","{""numerator"": 60, ""denominator"": 60, ""estimate"": 1.0, ""ci95"": [0.93982814785791, 0.9999999999999998], ""method"": ""Wilson two-sided 95%""}",13.613499999999998,18.342,60,60,0,917313,306176,16938,0.915
evaluation,CXR,B,primary,gpt-6-astra,repeat1,5,0,0,"{""numerator"": 5, ""denominator"": 5, ""estimate"": 1.0, ""ci95"": [0.5655175352168251, 1.0], ""method"": ""Wilson two-sided 95%""}","{""completed"": 5}","{""numerator"": 5, ""denominator"": 5, ""estimate"": 1.0, ""ci95"": [0.5655175352168251, 1.0], ""method"": ""Wilson two-sided 95%""}",14.713,16.159,5,5,0,76711,26624,1344,0.94
evaluation,CXR,B,primary,gpt-6-luna,,60,3,3,"{""numerator"": 57, ""denominator"": 60, ""estimate"": 0.95, ""ci95"": [0.8629948352365147, 0.9828504978356043], ""method"": ""Wilson two-sided 95%""}","{""completed"": 60}","{""numerator"": 60, ""denominator"": 60, ""estimate"": 1.0, ""ci95"": [0.93982814785791, 0.9999999999999998], ""method"": ""Wilson two-sided 95%""}",9.403500000000001,15.807,60,60,0,879933,361600,13894,0.83
evaluation,CXR,B,primary,gpt-6-luna,repeat1,5,0,0,"{""numerator"": 5, ""denominator"": 5, ""estimate"": 1.0, ""ci95"": [0.5655175352168251, 1.0], ""method"": ""Wilson two-sided 95%""}","{""completed"": 5}","{""numerator"": 5, ""denominator"": 5, ""estimate"": 1.0, ""ci95"": [0.5655175352168251, 1.0], ""method"": ""Wilson two-sided 95%""}",9.789,21.389,5,5,0,73511,29440,1142,0.87
evaluation,CXR,B,primary,gpt-6.1-sol,,60,3,3,"{""numerator"": 57, ""denominator"": 60, ""estimate"": 0.95, ""ci95"": [0.8629948352365147, 0.9828504978356043], ""method"": ""Wilson two-sided 95%""}","{""completed"": 60}","{""numerator"": 60, ""denominator"": 60, ""estimate"": 1.0, ""ci95"": [0.93982814785791, 0.9999999999999998], ""method"": ""Wilson two-sided 95%""}",15.4145,22.101,60,60,0,921092,325632,18841,0.905
evaluation,CXR,B,primary,gpt-6.1-sol,repeat1,5,0,0,"{""numerator"": 5, ""denominator"": 5, ""estimate"": 1.0, ""ci95"": [0.5655175352168251, 1.0], ""method"": ""Wilson two-sided 95%""}","{""completed"": 5}","{""numerator"": 5, ""denominator"": 5, ""estimate"": 1.0, ""ci95"": [0.5655175352168251, 1.0], ""method"": ""Wilson two-sided 95%""}",13.719,18.774,5,5,0,76962,20352,1471,0.94
evaluation,CXR,B,second-reader,gpt-6-astra,,20,0,0,"{""numerator"": 20, ""denominator"": 20, ""estimate"": 1.0, ""ci95"": [0.8388748419471806, 1.0], ""method"": ""Wilson two-sided 95%""}","{""completed"": 20}","{""numerator"": 20, ""denominator"": 20, ""estimate"": 1.0, ""ci95"": [0.8388748419471806, 1.0], ""method"": ""Wilson two-sided 95%""}",12.715,20.336,20,20,0,316289,106496,4404,0.94
evaluation,CXR,B,second-reader,gpt-6-luna,,20,0,0,"{""numerator"": 20, ""denominator"": 20, ""estimate"": 1.0, ""ci95"": [0.8388748419471806, 1.0], ""method"": ""Wilson two-sided 95%""}","{""completed"": 20}","{""numerator"": 20, ""denominator"": 20, ""estimate"": 1.0, ""ci95"": [0.8388748419471806, 1.0], ""method"": ""Wilson two-sided 95%""}",9.059,12.618,20,20,0,303606,111872,4098,0.85
evaluation,CXR,B,second-reader,gpt-6.1-sol,,20,0,0,"{""numerator"": 20, ""denominator"": 20, ""estimate"": 1.0, ""ci95"": [0.8388748419471806, 1.0], ""method"": ""Wilson two-sided 95%""}","{""completed"": 20}","{""numerator"": 20, ""denominator"": 20, ""estimate"": 1.0, ""ci95"": [0.8388748419471806, 1.0], ""method"": ""Wilson two-sided 95%""}",13.2395,19.538,20,20,0,317759,101760,4816,0.9299999999999999
evaluation,CXR,B,self-review,gpt-6-astra,,5,0,0,"{""numerator"": 5, ""denominator"": 5, ""estimate"": 1.0, ""ci95"": [0.5655175352168251, 1.0], ""method"": ""Wilson two-sided 95%""}","{""completed"": 5}","{""numerator"": 5, ""denominator"": 5, ""estimate"": 1.0, ""ci95"": [0.5655175352168251, 1.0], ""method"": ""Wilson two-sided 95%""}",11.928,15.957,5,5,0,78284,26624,934,0.94
evaluation,CXR,B,self-review,gpt-6-luna,,5,0,0,"{""numerator"": 5, ""denominator"": 5, ""estimate"": 1.0, ""ci95"": [0.5655175352168251, 1.0], ""method"": ""Wilson two-sided 95%""}","{""completed"": 5}","{""numerator"": 5, ""denominator"": 5, ""estimate"": 1.0, ""ci95"": [0.5655175352168251, 1.0], ""method"": ""Wilson two-sided 95%""}",10.696,12.157,5,5,0,75093,29440,1190,0.86
evaluation,CXR,B,self-review,gpt-6.1-sol,,5,0,0,"{""numerator"": 5, ""denominator"": 5, ""estimate"": 1.0, ""ci95"": [0.5655175352168251, 1.0], ""method"": ""Wilson two-sided 95%""}","{""completed"": 5}","{""numerator"": 5, ""denominator"": 5, ""estimate"": 1.0, ""ci95"": [0.5655175352168251, 1.0], ""method"": ""Wilson two-sided 95%""}",12.914,13.501,5,5,0,78616,33920,1047,0.94
evaluation,MR,A,primary,gpt-6-astra,,10,0,0,"{""numerator"": 10, ""denominator"": 10, ""estimate"": 1.0, ""ci95"": [0.7224672001371107, 0.9999999999999999], ""method"": ""Wilson two-sided 95%""}","{""completed"": 10}","{""numerator"": 10, ""denominator"": 10, ""estimate"": 1.0, ""ci95"": [0.7224672001371107, 0.9999999999999999], ""method"": ""Wilson two-sided 95%""}",140.61,171.386,10,10,0,6191396,5842816,17263,0.71
evaluation,MR,A,primary,gpt-6-luna,,10,0,0,"{""numerator"": 0, ""denominator"": 10, ""estimate"": 0.0, ""ci95"": [0.0, 0.2775327998628892], ""method"": ""Wilson two-sided 95%""}","{""budget_exhausted"": 8, ""timeout"": 2}","{""numerator"": 0, ""denominator"": 10, ""estimate"": 0.0, ""ci95"": [0.0, 0.2775327998628892], ""method"": ""Wilson two-sided 95%""}",91.386,124.278,10,10,0,4965904,4551936,17667,
evaluation,MR,A,primary,gpt-6.1-sol,,10,0,0,"{""numerator"": 10, ""denominator"": 10, ""estimate"": 1.0, ""ci95"": [0.7224672001371107, 0.9999999999999999], ""method"": ""Wilson two-sided 95%""}","{""completed"": 7, ""abstained"": 3}","{""numerator"": 10, ""denominator"": 10, ""estimate"": 1.0, ""ci95"": [0.7224672001371107, 0.9999999999999999], ""method"": ""Wilson two-sided 95%""}",115.3895,147.588,10,10,0,4516808,4069120,18651,0.69
evaluation,MR,B,delegated,gpt-6-astra,,10,0,0,"{""numerator"": 10, ""denominator"": 10, ""estimate"": 1.0, ""ci95"": [0.7224672001371107, 0.9999999999999999], ""method"": ""Wilson two-sided 95%""}","{""completed"": 10}","{""numerator"": 10, ""denominator"": 10, ""estimate"": 1.0, ""ci95"": [0.7224672001371107, 0.9999999999999999], ""method"": ""Wilson two-sided 95%""}",29.9795,38.835,10,10,0,546243,315136,5988,0.865
evaluation,MR,B,delegated,gpt-6-luna,,10,0,0,"{""numerator"": 10, ""denominator"": 10, ""estimate"": 1.0, ""ci95"": [0.7224672001371107, 0.9999999999999999], ""method"": ""Wilson two-sided 95%""}","{""completed"": 10}","{""numerator"": 10, ""denominator"": 10, ""estimate"": 1.0, ""ci95"": [0.7224672001371107, 0.9999999999999999], ""method"": ""Wilson two-sided 95%""}",22.985500000000002,30.933,10,10,0,833344,583168,3737,0.78
evaluation,MR,B,delegated,gpt-6.1-sol,,10,0,0,"{""numerator"": 10, ""denominator"": 10, ""estimate"": 1.0, ""ci95"": [0.7224672001371107, 0.9999999999999999], ""method"": ""Wilson two-sided 95%""}","{""completed"": 10}","{""numerator"": 10, ""denominator"": 10, ""estimate"": 1.0, ""ci95"": [0.7224672001371107, 0.9999999999999999], ""method"": ""Wilson two-sided 95%""}",33.08,46.816,10,10,0,547745,316928,6419,0.81
evaluation,MR,B,primary,google/medgemma-1.5-4b-it,,20,20,20,"{""numerator"": 0, ""denominator"": 20, ""estimate"": 0.0, ""ci95"": [0.0, 0.16112515805281938], ""method"": ""Wilson two-sided 95%""}","{""invalid_output"": 3, ""completed"": 17}","{""numerator"": 17, ""denominator"": 20, ""estimate"": 0.85, ""ci95"": [0.6395811352592431, 0.9476312541037835], ""method"": ""Wilson two-sided 95%""}",22.749499999999998,126.017,20,20,0,28780,,9359,0.95
evaluation,MR,B,primary,google/medgemma-1.5-4b-it,repeat1,2,0,0,"{""numerator"": 1, ""denominator"": 2, ""estimate"": 0.5, ""ci95"": [0.09453120573423074, 0.9054687942657693], ""method"": ""Wilson two-sided 95%""}","{""invalid_output"": 1, ""completed"": 1}","{""numerator"": 1, ""denominator"": 2, ""estimate"": 0.5, ""ci95"": [0.09453120573423074, 0.9054687942657693], ""method"": ""Wilson two-sided 95%""}",74.859,126.722,2,2,0,2878,,1870,0.95
evaluation,MR,B,primary,gpt-6-astra,,20,0,0,"{""numerator"": 20, ""denominator"": 20, ""estimate"": 1.0, ""ci95"": [0.8388748419471806, 1.0], ""method"": ""Wilson two-sided 95%""}","{""completed"": 20}","{""numerator"": 20, ""denominator"": 20, ""estimate"": 1.0, ""ci95"": [0.8388748419471806, 1.0], ""method"": ""Wilson two-sided 95%""}",21.9685,26.23,20,20,0,533086,119808,8829,0.84
evaluation,MR,B,primary,gpt-6-astra,repeat1,2,0,0,"{""numerator"": 2, ""denominator"": 2, ""estimate"": 1.0, ""ci95"": [0.34238022750665303, 1.0], ""method"": ""Wilson two-sided 95%""}","{""completed"": 2}","{""numerator"": 2, ""denominator"": 2, ""estimate"": 1.0, ""ci95"": [0.34238022750665303, 1.0], ""method"": ""Wilson two-sided 95%""}",23.46,26.387,2,2,0,53289,13312,831,0.8999999999999999
evaluation,MR,B,primary,gpt-6-luna,,20,0,0,"{""numerator"": 20, ""denominator"": 20, ""estimate"": 1.0, ""ci95"": [0.8388748419471806, 1.0], ""method"": ""Wilson two-sided 95%""}","{""completed"": 20}","{""numerator"": 20, ""denominator"": 20, ""estimate"": 1.0, ""ci95"": [0.8388748419471806, 1.0], ""method"": ""Wilson two-sided 95%""}",16.334,20.105,20,20,0,520511,113664,6669,0.78
evaluation,MR,B,primary,gpt-6-luna,repeat1,2,0,0,"{""numerator"": 2, ""denominator"": 2, ""estimate"": 1.0, ""ci95"": [0.34238022750665303, 1.0], ""method"": ""Wilson two-sided 95%""}","{""completed"": 2}","{""numerator"": 2, ""denominator"": 2, ""estimate"": 1.0, ""ci95"": [0.34238022750665303, 1.0], ""method"": ""Wilson two-sided 95%""}",16.3535,20.476,2,2,0,52041,11776,660,0.845
evaluation,MR,B,primary,gpt-6.1-sol,,20,0,0,"{""numerator"": 20, ""denominator"": 20, ""estimate"": 1.0, ""ci95"": [0.8388748419471806, 1.0], ""method"": ""Wilson two-sided 95%""}","{""completed"": 20}","{""numerator"": 20, ""denominator"": 20, ""estimate"": 1.0, ""ci95"": [0.8388748419471806, 1.0], ""method"": ""Wilson two-sided 95%""}",27.5275,32.062,20,20,0,534241,115328,10114,0.82
evaluation,MR,B,primary,gpt-6.1-sol,repeat1,2,0,0,"{""numerator"": 2, ""denominator"": 2, ""estimate"": 1.0, ""ci95"": [0.34238022750665303, 1.0], ""method"": ""Wilson two-sided 95%""}","{""completed"": 2}","{""numerator"": 2, ""denominator"": 2, ""estimate"": 1.0, ""ci95"": [0.34238022750665303, 1.0], ""method"": ""Wilson two-sided 95%""}",29.7205,34.969,2,2,0,53408,6784,995,0.8899999999999999
evaluation,MR,B,second-reader,gpt-6-astra,,10,0,0,"{""numerator"": 10, ""denominator"": 10, ""estimate"": 1.0, ""ci95"": [0.7224672001371107, 0.9999999999999999], ""method"": ""Wilson two-sided 95%""}","{""completed"": 10}","{""numerator"": 10, ""denominator"": 10, ""estimate"": 1.0, ""ci95"": [0.7224672001371107, 0.9999999999999999], ""method"": ""Wilson two-sided 95%""}",22.89,26.452,10,10,0,275285,46592,3810,0.815
evaluation,MR,B,second-reader,gpt-6-luna,,10,0,0,"{""numerator"": 10, ""denominator"": 10, ""estimate"": 1.0, ""ci95"": [0.7224672001371107, 0.9999999999999999], ""method"": ""Wilson two-sided 95%""}","{""completed"": 10}","{""numerator"": 10, ""denominator"": 10, ""estimate"": 1.0, ""ci95"": [0.7224672001371107, 0.9999999999999999], ""method"": ""Wilson two-sided 95%""}",13.1795,20.09,10,10,0,268586,58880,2439,0.8
evaluation,MR,B,second-reader,gpt-6.1-sol,,10,0,0,"{""numerator"": 10, ""denominator"": 10, ""estimate"": 1.0, ""ci95"": [0.7224672001371107, 0.9999999999999999], ""method"": ""Wilson two-sided 95%""}","{""completed"": 10}","{""numerator"": 10, ""denominator"": 10, ""estimate"": 1.0, ""ci95"": [0.7224672001371107, 0.9999999999999999], ""method"": ""Wilson two-sided 95%""}",22.57,32.006,10,10,0,275913,33920,4191,0.795
evaluation,MR,B,self-review,gpt-6-astra,,2,0,0,"{""numerator"": 2, ""denominator"": 2, ""estimate"": 1.0, ""ci95"": [0.34238022750665303, 1.0], ""method"": ""Wilson two-sided 95%""}","{""completed"": 2}","{""numerator"": 2, ""denominator"": 2, ""estimate"": 1.0, ""ci95"": [0.34238022750665303, 1.0], ""method"": ""Wilson two-sided 95%""}",20.3405,24.298,2,2,0,54227,13312,800,0.8799999999999999
evaluation,MR,B,self-review,gpt-6-luna,,2,0,0,"{""numerator"": 2, ""denominator"": 2, ""estimate"": 1.0, ""ci95"": [0.34238022750665303, 1.0], ""method"": ""Wilson two-sided 95%""}","{""completed"": 2}","{""numerator"": 2, ""denominator"": 2, ""estimate"": 1.0, ""ci95"": [0.34238022750665303, 1.0], ""method"": ""Wilson two-sided 95%""}",16.179,17.362,2,2,0,52838,5888,461,0.85
evaluation,MR,B,self-review,gpt-6.1-sol,,2,0,0,"{""numerator"": 2, ""denominator"": 2, ""estimate"": 1.0, ""ci95"": [0.34238022750665303, 1.0], ""method"": ""Wilson two-sided 95%""}","{""completed"": 2}","{""numerator"": 2, ""denominator"": 2, ""estimate"": 1.0, ""ci95"": [0.34238022750665303, 1.0], ""method"": ""Wilson two-sided 95%""}",22.6145,22.63,2,2,0,54357,13568,870,0.865
fresh-validation,CT,B,primary,google/medgemma-1.5-4b-it,,10,0,0,"{""numerator"": 6, ""denominator"": 10, ""estimate"": 0.6, ""ci95"": [0.31267376973365824, 0.8318196702937638], ""method"": ""Wilson two-sided 95%""}","{""invalid_output"": 4, ""completed"": 6}","{""numerator"": 6, ""denominator"": 10, ""estimate"": 0.6, ""ci95"": [0.31267376973365824, 0.8318196702937638], ""method"": ""Wilson two-sided 95%""}",74.155,127.247,10,10,0,14300,,9314,0.9
fresh-validation,CT,B,primary,gpt-6.1-sol,,10,0,0,"{""numerator"": 10, ""denominator"": 10, ""estimate"": 1.0, ""ci95"": [0.7224672001371107, 0.9999999999999999], ""method"": ""Wilson two-sided 95%""}","{""completed"": 10}","{""numerator"": 10, ""denominator"": 10, ""estimate"": 1.0, ""ci95"": [0.7224672001371107, 0.9999999999999999], ""method"": ""Wilson two-sided 95%""}",21.752000000000002,29.269,10,10,0,253135,40704,3971,0.88
fresh-validation,CXR,B,primary,google/medgemma-1.5-4b-it,,10,0,0,"{""numerator"": 10, ""denominator"": 10, ""estimate"": 1.0, ""ci95"": [0.7224672001371107, 0.9999999999999999], ""method"": ""Wilson two-sided 95%""}","{""completed"": 10}","{""numerator"": 10, ""denominator"": 10, ""estimate"": 1.0, ""ci95"": [0.7224672001371107, 0.9999999999999999], ""method"": ""Wilson two-sided 95%""}",16.377,20.874,10,10,0,7966,,2281,0.95
fresh-validation,CXR,B,primary,gpt-6.1-sol,,10,0,0,"{""numerator"": 10, ""denominator"": 10, ""estimate"": 1.0, ""ci95"": [0.7224672001371107, 0.9999999999999999], ""method"": ""Wilson two-sided 95%""}","{""completed"": 10}","{""numerator"": 10, ""denominator"": 10, ""estimate"": 1.0, ""ci95"": [0.7224672001371107, 0.9999999999999999], ""method"": ""Wilson two-sided 95%""}",16.7435,19.356,10,10,0,152448,27136,3057,0.895
fresh-validation,MR,B,primary,google/medgemma-1.5-4b-it,,10,0,0,"{""numerator"": 7, ""denominator"": 10, ""estimate"": 0.7, ""ci95"": [0.39677814746114537, 0.8922087325936989], ""method"": ""Wilson two-sided 95%""}","{""invalid_output"": 3, ""completed"": 7}","{""numerator"": 7, ""denominator"": 10, ""estimate"": 0.7, ""ci95"": [0.39677814746114537, 0.8922087325936989], ""method"": ""Wilson two-sided 95%""}",26.941000000000003,126.654,10,10,0,14380,,7837,0.95
fresh-validation,MR,B,primary,gpt-6.1-sol,,10,0,0,"{""numerator"": 10, ""denominator"": 10, ""estimate"": 1.0, ""ci95"": [0.7224672001371107, 0.9999999999999999], ""method"": ""Wilson two-sided 95%""}","{""completed"": 10}","{""numerator"": 10, ""denominator"": 10, ""estimate"": 1.0, ""ci95"": [0.7224672001371107, 0.9999999999999999], ""method"": ""Wilson two-sided 95%""}",26.5395,37.151,10,10,0,267089,54272,4993,0.795
