modality,model,task,comparison,endpoint,paired_patients,both_success,a_only_success,b_only_success,neither_success,b_minus_a,exact_mcnemar_p,ci_for_difference,inference_status,excluded_context_cases,planned_studies,pending_pairs,completed_wrong_to_completed_correct,completed_correct_to_completed_wrong,successful_label_resolution_to_abstention_or_failure,failed_label_resolution_to_success,shared_completed_wrong_label,zero_discordance_exact_upper_probability,conservative_zero_discordance_difference_interval,zero_discordance_note
CXR,gpt-6-luna,pleural_effusion,A-vs-B,all-assigned paired end-to-end label success,16,13,1,0,2,-0.0625,1.0,"[-0.1875, 0.0]","Released-study paired percentile bootstrap 5000; CT/MR patient IDs, OpenI report-ID proxies; global independence uncertain; exploratory, not multiplicity adjusted; failures unsuccessful E2E not clinical FN",[],20,0,0,1,0,0,0,,,
CXR,gpt-6-luna,pleural_effusion,delegated,all-assigned paired end-to-end label success,16,13,0,1,2,0.0625,1.0,"[0.0, 0.1875]","Released-study paired percentile bootstrap 5000; CT/MR patient IDs, OpenI report-ID proxies; global independence uncertain; exploratory, not multiplicity adjusted; failures unsuccessful E2E not clinical FN",[],20,0,0,0,0,1,2,,,
CXR,gpt-6-luna,pleural_effusion,second-reader,all-assigned paired end-to-end label success,16,13,0,0,3,0.0,1.0,"[0.0, 0.0]","Released-study paired percentile bootstrap 5000; CT/MR patient IDs, OpenI report-ID proxies; global independence uncertain; exploratory, not multiplicity adjusted; failures unsuccessful E2E not clinical FN",[],20,0,0,0,0,0,2,0.17074972298248092,"[-0.17074972298248092, 0.17074972298248092]","One-sided exact95% upper bound on unseen discordance probability; absolute true risk difference cannot exceed discordance probability. Conservative supplement, original percentile bootstrap preserved; independent-study assumption and exploratory scope apply."
CXR,gpt-6-luna,pleural_effusion,self-review,all-assigned paired end-to-end label success,4,3,0,0,1,0.0,1.0,"[0.0, 0.0]","Released-study paired percentile bootstrap 5000; CT/MR patient IDs, OpenI report-ID proxies; global independence uncertain; exploratory, not multiplicity adjusted; failures unsuccessful E2E not clinical FN",[],5,0,0,0,0,0,1,0.5271291954984121,"[-0.5271291954984121, 0.5271291954984121]","One-sided exact95% upper bound on unseen discordance probability; absolute true risk difference cannot exceed discordance probability. Conservative supplement, original percentile bootstrap preserved; independent-study assumption and exploratory scope apply."
CXR,gpt-6-luna,pneumothorax,A-vs-B,all-assigned paired end-to-end label success,18,14,0,1,3,0.05555555555555555,1.0,"[0.0, 0.16666666666666666]","Released-study paired percentile bootstrap 5000; CT/MR patient IDs, OpenI report-ID proxies; global independence uncertain; exploratory, not multiplicity adjusted; failures unsuccessful E2E not clinical FN",[],20,0,0,0,0,1,3,,,
CXR,gpt-6-luna,pneumothorax,delegated,all-assigned paired end-to-end label success,18,15,0,0,3,0.0,1.0,"[0.0, 0.0]","Released-study paired percentile bootstrap 5000; CT/MR patient IDs, OpenI report-ID proxies; global independence uncertain; exploratory, not multiplicity adjusted; failures unsuccessful E2E not clinical FN",[],20,0,0,0,0,0,3,0.1533175539572782,"[-0.1533175539572782, 0.1533175539572782]","One-sided exact95% upper bound on unseen discordance probability; absolute true risk difference cannot exceed discordance probability. Conservative supplement, original percentile bootstrap preserved; independent-study assumption and exploratory scope apply."
CXR,gpt-6-luna,pneumothorax,second-reader,all-assigned paired end-to-end label success,18,15,0,0,3,0.0,1.0,"[0.0, 0.0]","Released-study paired percentile bootstrap 5000; CT/MR patient IDs, OpenI report-ID proxies; global independence uncertain; exploratory, not multiplicity adjusted; failures unsuccessful E2E not clinical FN",[],20,0,0,0,0,0,3,0.1533175539572782,"[-0.1533175539572782, 0.1533175539572782]","One-sided exact95% upper bound on unseen discordance probability; absolute true risk difference cannot exceed discordance probability. Conservative supplement, original percentile bootstrap preserved; independent-study assumption and exploratory scope apply."
CXR,gpt-6-luna,pneumothorax,self-review,all-assigned paired end-to-end label success,4,3,0,0,1,0.0,1.0,"[0.0, 0.0]","Released-study paired percentile bootstrap 5000; CT/MR patient IDs, OpenI report-ID proxies; global independence uncertain; exploratory, not multiplicity adjusted; failures unsuccessful E2E not clinical FN",[],5,0,0,0,0,0,1,0.5271291954984121,"[-0.5271291954984121, 0.5271291954984121]","One-sided exact95% upper bound on unseen discordance probability; absolute true risk difference cannot exceed discordance probability. Conservative supplement, original percentile bootstrap preserved; independent-study assumption and exploratory scope apply."
CXR,gpt-6-luna,cardiomegaly,A-vs-B,all-assigned paired end-to-end label success,16,11,0,2,3,0.125,0.5,"[0.0, 0.3125]","Released-study paired percentile bootstrap 5000; CT/MR patient IDs, OpenI report-ID proxies; global independence uncertain; exploratory, not multiplicity adjusted; failures unsuccessful E2E not clinical FN",[],20,0,0,0,0,2,0,,,
CXR,gpt-6-luna,cardiomegaly,delegated,all-assigned paired end-to-end label success,16,12,1,0,3,-0.0625,1.0,"[-0.1875, 0.0]","Released-study paired percentile bootstrap 5000; CT/MR patient IDs, OpenI report-ID proxies; global independence uncertain; exploratory, not multiplicity adjusted; failures unsuccessful E2E not clinical FN",[],20,0,0,0,1,0,1,,,
CXR,gpt-6-luna,cardiomegaly,second-reader,all-assigned paired end-to-end label success,16,12,1,1,2,0.0,1.0,"[-0.1875, 0.1875]","Released-study paired percentile bootstrap 5000; CT/MR patient IDs, OpenI report-ID proxies; global independence uncertain; exploratory, not multiplicity adjusted; failures unsuccessful E2E not clinical FN",[],20,0,0,0,1,1,1,,,
CXR,gpt-6-luna,cardiomegaly,self-review,all-assigned paired end-to-end label success,4,2,0,0,2,0.0,1.0,"[0.0, 0.0]","Released-study paired percentile bootstrap 5000; CT/MR patient IDs, OpenI report-ID proxies; global independence uncertain; exploratory, not multiplicity adjusted; failures unsuccessful E2E not clinical FN",[],5,0,0,0,0,0,1,0.5271291954984121,"[-0.5271291954984121, 0.5271291954984121]","One-sided exact95% upper bound on unseen discordance probability; absolute true risk difference cannot exceed discordance probability. Conservative supplement, original percentile bootstrap preserved; independent-study assumption and exploratory scope apply."
CXR,gpt-6-luna,focal_consolidation,A-vs-B,all-assigned paired end-to-end label success,15,14,0,0,1,0.0,1.0,"[0.0, 0.0]","Released-study paired percentile bootstrap 5000; CT/MR patient IDs, OpenI report-ID proxies; global independence uncertain; exploratory, not multiplicity adjusted; failures unsuccessful E2E not clinical FN",[],20,0,0,0,0,0,1,0.18103627252208465,"[-0.18103627252208465, 0.18103627252208465]","One-sided exact95% upper bound on unseen discordance probability; absolute true risk difference cannot exceed discordance probability. Conservative supplement, original percentile bootstrap preserved; independent-study assumption and exploratory scope apply."
CXR,gpt-6-luna,focal_consolidation,delegated,all-assigned paired end-to-end label success,15,13,1,0,1,-0.06666666666666667,1.0,"[-0.2, 0.0]","Released-study paired percentile bootstrap 5000; CT/MR patient IDs, OpenI report-ID proxies; global independence uncertain; exploratory, not multiplicity adjusted; failures unsuccessful E2E not clinical FN",[],20,0,0,0,1,0,0,,,
CXR,gpt-6-luna,focal_consolidation,second-reader,all-assigned paired end-to-end label success,15,14,0,0,1,0.0,1.0,"[0.0, 0.0]","Released-study paired percentile bootstrap 5000; CT/MR patient IDs, OpenI report-ID proxies; global independence uncertain; exploratory, not multiplicity adjusted; failures unsuccessful E2E not clinical FN",[],20,0,0,0,0,0,1,0.18103627252208465,"[-0.18103627252208465, 0.18103627252208465]","One-sided exact95% upper bound on unseen discordance probability; absolute true risk difference cannot exceed discordance probability. Conservative supplement, original percentile bootstrap preserved; independent-study assumption and exploratory scope apply."
CXR,gpt-6-luna,focal_consolidation,self-review,all-assigned paired end-to-end label success,4,4,0,0,0,0.0,1.0,"[0.0, 0.0]","Released-study paired percentile bootstrap 5000; CT/MR patient IDs, OpenI report-ID proxies; global independence uncertain; exploratory, not multiplicity adjusted; failures unsuccessful E2E not clinical FN",[],5,0,0,0,0,0,0,0.5271291954984121,"[-0.5271291954984121, 0.5271291954984121]","One-sided exact95% upper bound on unseen discordance probability; absolute true risk difference cannot exceed discordance probability. Conservative supplement, original percentile bootstrap preserved; independent-study assumption and exploratory scope apply."
CXR,gpt-6.1-sol,pleural_effusion,A-vs-B,all-assigned paired end-to-end label success,16,14,0,1,1,0.0625,1.0,"[0.0, 0.1875]","Released-study paired percentile bootstrap 5000; CT/MR patient IDs, OpenI report-ID proxies; global independence uncertain; exploratory, not multiplicity adjusted; failures unsuccessful E2E not clinical FN",[],20,0,0,0,0,1,0,,,
CXR,gpt-6.1-sol,pleural_effusion,delegated,all-assigned paired end-to-end label success,16,15,0,0,1,0.0,1.0,"[0.0, 0.0]","Released-study paired percentile bootstrap 5000; CT/MR patient IDs, OpenI report-ID proxies; global independence uncertain; exploratory, not multiplicity adjusted; failures unsuccessful E2E not clinical FN",[],20,0,0,0,0,0,1,0.17074972298248092,"[-0.17074972298248092, 0.17074972298248092]","One-sided exact95% upper bound on unseen discordance probability; absolute true risk difference cannot exceed discordance probability. Conservative supplement, original percentile bootstrap preserved; independent-study assumption and exploratory scope apply."
CXR,gpt-6.1-sol,pleural_effusion,second-reader,all-assigned paired end-to-end label success,16,15,0,0,1,0.0,1.0,"[0.0, 0.0]","Released-study paired percentile bootstrap 5000; CT/MR patient IDs, OpenI report-ID proxies; global independence uncertain; exploratory, not multiplicity adjusted; failures unsuccessful E2E not clinical FN",[],20,0,0,0,0,0,1,0.17074972298248092,"[-0.17074972298248092, 0.17074972298248092]","One-sided exact95% upper bound on unseen discordance probability; absolute true risk difference cannot exceed discordance probability. Conservative supplement, original percentile bootstrap preserved; independent-study assumption and exploratory scope apply."
CXR,gpt-6.1-sol,pleural_effusion,self-review,all-assigned paired end-to-end label success,4,4,0,0,0,0.0,1.0,"[0.0, 0.0]","Released-study paired percentile bootstrap 5000; CT/MR patient IDs, OpenI report-ID proxies; global independence uncertain; exploratory, not multiplicity adjusted; failures unsuccessful E2E not clinical FN",[],5,0,0,0,0,0,0,0.5271291954984121,"[-0.5271291954984121, 0.5271291954984121]","One-sided exact95% upper bound on unseen discordance probability; absolute true risk difference cannot exceed discordance probability. Conservative supplement, original percentile bootstrap preserved; independent-study assumption and exploratory scope apply."
CXR,gpt-6.1-sol,pneumothorax,A-vs-B,all-assigned paired end-to-end label success,18,14,0,1,3,0.05555555555555555,1.0,"[0.0, 0.16666666666666666]","Released-study paired percentile bootstrap 5000; CT/MR patient IDs, OpenI report-ID proxies; global independence uncertain; exploratory, not multiplicity adjusted; failures unsuccessful E2E not clinical FN",[],20,0,0,0,0,1,3,,,
CXR,gpt-6.1-sol,pneumothorax,delegated,all-assigned paired end-to-end label success,18,15,0,0,3,0.0,1.0,"[0.0, 0.0]","Released-study paired percentile bootstrap 5000; CT/MR patient IDs, OpenI report-ID proxies; global independence uncertain; exploratory, not multiplicity adjusted; failures unsuccessful E2E not clinical FN",[],20,0,0,0,0,0,3,0.1533175539572782,"[-0.1533175539572782, 0.1533175539572782]","One-sided exact95% upper bound on unseen discordance probability; absolute true risk difference cannot exceed discordance probability. Conservative supplement, original percentile bootstrap preserved; independent-study assumption and exploratory scope apply."
CXR,gpt-6.1-sol,pneumothorax,second-reader,all-assigned paired end-to-end label success,18,15,0,0,3,0.0,1.0,"[0.0, 0.0]","Released-study paired percentile bootstrap 5000; CT/MR patient IDs, OpenI report-ID proxies; global independence uncertain; exploratory, not multiplicity adjusted; failures unsuccessful E2E not clinical FN",[],20,0,0,0,0,0,3,0.1533175539572782,"[-0.1533175539572782, 0.1533175539572782]","One-sided exact95% upper bound on unseen discordance probability; absolute true risk difference cannot exceed discordance probability. Conservative supplement, original percentile bootstrap preserved; independent-study assumption and exploratory scope apply."
CXR,gpt-6.1-sol,pneumothorax,self-review,all-assigned paired end-to-end label success,4,3,0,0,1,0.0,1.0,"[0.0, 0.0]","Released-study paired percentile bootstrap 5000; CT/MR patient IDs, OpenI report-ID proxies; global independence uncertain; exploratory, not multiplicity adjusted; failures unsuccessful E2E not clinical FN",[],5,0,0,0,0,0,1,0.5271291954984121,"[-0.5271291954984121, 0.5271291954984121]","One-sided exact95% upper bound on unseen discordance probability; absolute true risk difference cannot exceed discordance probability. Conservative supplement, original percentile bootstrap preserved; independent-study assumption and exploratory scope apply."
CXR,gpt-6.1-sol,cardiomegaly,A-vs-B,all-assigned paired end-to-end label success,16,11,0,1,4,0.0625,1.0,"[0.0, 0.1875]","Released-study paired percentile bootstrap 5000; CT/MR patient IDs, OpenI report-ID proxies; global independence uncertain; exploratory, not multiplicity adjusted; failures unsuccessful E2E not clinical FN",[],20,0,0,0,0,1,3,,,
CXR,gpt-6.1-sol,cardiomegaly,delegated,all-assigned paired end-to-end label success,16,12,0,0,4,0.0,1.0,"[0.0, 0.0]","Released-study paired percentile bootstrap 5000; CT/MR patient IDs, OpenI report-ID proxies; global independence uncertain; exploratory, not multiplicity adjusted; failures unsuccessful E2E not clinical FN",[],20,0,0,0,0,0,3,0.17074972298248092,"[-0.17074972298248092, 0.17074972298248092]","One-sided exact95% upper bound on unseen discordance probability; absolute true risk difference cannot exceed discordance probability. Conservative supplement, original percentile bootstrap preserved; independent-study assumption and exploratory scope apply."
CXR,gpt-6.1-sol,cardiomegaly,second-reader,all-assigned paired end-to-end label success,16,12,0,0,4,0.0,1.0,"[0.0, 0.0]","Released-study paired percentile bootstrap 5000; CT/MR patient IDs, OpenI report-ID proxies; global independence uncertain; exploratory, not multiplicity adjusted; failures unsuccessful E2E not clinical FN",[],20,0,0,0,0,0,3,0.17074972298248092,"[-0.17074972298248092, 0.17074972298248092]","One-sided exact95% upper bound on unseen discordance probability; absolute true risk difference cannot exceed discordance probability. Conservative supplement, original percentile bootstrap preserved; independent-study assumption and exploratory scope apply."
CXR,gpt-6.1-sol,cardiomegaly,self-review,all-assigned paired end-to-end label success,4,2,0,0,2,0.0,1.0,"[0.0, 0.0]","Released-study paired percentile bootstrap 5000; CT/MR patient IDs, OpenI report-ID proxies; global independence uncertain; exploratory, not multiplicity adjusted; failures unsuccessful E2E not clinical FN",[],5,0,0,0,0,0,2,0.5271291954984121,"[-0.5271291954984121, 0.5271291954984121]","One-sided exact95% upper bound on unseen discordance probability; absolute true risk difference cannot exceed discordance probability. Conservative supplement, original percentile bootstrap preserved; independent-study assumption and exploratory scope apply."
CXR,gpt-6.1-sol,focal_consolidation,A-vs-B,all-assigned paired end-to-end label success,15,14,0,0,1,0.0,1.0,"[0.0, 0.0]","Released-study paired percentile bootstrap 5000; CT/MR patient IDs, OpenI report-ID proxies; global independence uncertain; exploratory, not multiplicity adjusted; failures unsuccessful E2E not clinical FN",[],20,0,0,0,0,0,1,0.18103627252208465,"[-0.18103627252208465, 0.18103627252208465]","One-sided exact95% upper bound on unseen discordance probability; absolute true risk difference cannot exceed discordance probability. Conservative supplement, original percentile bootstrap preserved; independent-study assumption and exploratory scope apply."
CXR,gpt-6.1-sol,focal_consolidation,delegated,all-assigned paired end-to-end label success,15,14,0,0,1,0.0,1.0,"[0.0, 0.0]","Released-study paired percentile bootstrap 5000; CT/MR patient IDs, OpenI report-ID proxies; global independence uncertain; exploratory, not multiplicity adjusted; failures unsuccessful E2E not clinical FN",[],20,0,0,0,0,0,1,0.18103627252208465,"[-0.18103627252208465, 0.18103627252208465]","One-sided exact95% upper bound on unseen discordance probability; absolute true risk difference cannot exceed discordance probability. Conservative supplement, original percentile bootstrap preserved; independent-study assumption and exploratory scope apply."
CXR,gpt-6.1-sol,focal_consolidation,second-reader,all-assigned paired end-to-end label success,15,14,0,0,1,0.0,1.0,"[0.0, 0.0]","Released-study paired percentile bootstrap 5000; CT/MR patient IDs, OpenI report-ID proxies; global independence uncertain; exploratory, not multiplicity adjusted; failures unsuccessful E2E not clinical FN",[],20,0,0,0,0,0,1,0.18103627252208465,"[-0.18103627252208465, 0.18103627252208465]","One-sided exact95% upper bound on unseen discordance probability; absolute true risk difference cannot exceed discordance probability. Conservative supplement, original percentile bootstrap preserved; independent-study assumption and exploratory scope apply."
CXR,gpt-6.1-sol,focal_consolidation,self-review,all-assigned paired end-to-end label success,4,4,0,0,0,0.0,1.0,"[0.0, 0.0]","Released-study paired percentile bootstrap 5000; CT/MR patient IDs, OpenI report-ID proxies; global independence uncertain; exploratory, not multiplicity adjusted; failures unsuccessful E2E not clinical FN",[],5,0,0,0,0,0,0,0.5271291954984121,"[-0.5271291954984121, 0.5271291954984121]","One-sided exact95% upper bound on unseen discordance probability; absolute true risk difference cannot exceed discordance probability. Conservative supplement, original percentile bootstrap preserved; independent-study assumption and exploratory scope apply."
CXR,gpt-6-astra,pleural_effusion,A-vs-B,all-assigned paired end-to-end label success,16,15,0,0,1,0.0,1.0,"[0.0, 0.0]","Released-study paired percentile bootstrap 5000; CT/MR patient IDs, OpenI report-ID proxies; global independence uncertain; exploratory, not multiplicity adjusted; failures unsuccessful E2E not clinical FN",[],20,0,0,0,0,0,0,0.17074972298248092,"[-0.17074972298248092, 0.17074972298248092]","One-sided exact95% upper bound on unseen discordance probability; absolute true risk difference cannot exceed discordance probability. Conservative supplement, original percentile bootstrap preserved; independent-study assumption and exploratory scope apply."
CXR,gpt-6-astra,pleural_effusion,delegated,all-assigned paired end-to-end label success,16,15,0,0,1,0.0,1.0,"[0.0, 0.0]","Released-study paired percentile bootstrap 5000; CT/MR patient IDs, OpenI report-ID proxies; global independence uncertain; exploratory, not multiplicity adjusted; failures unsuccessful E2E not clinical FN",[],20,0,0,0,0,0,1,0.17074972298248092,"[-0.17074972298248092, 0.17074972298248092]","One-sided exact95% upper bound on unseen discordance probability; absolute true risk difference cannot exceed discordance probability. Conservative supplement, original percentile bootstrap preserved; independent-study assumption and exploratory scope apply."
CXR,gpt-6-astra,pleural_effusion,second-reader,all-assigned paired end-to-end label success,16,15,0,0,1,0.0,1.0,"[0.0, 0.0]","Released-study paired percentile bootstrap 5000; CT/MR patient IDs, OpenI report-ID proxies; global independence uncertain; exploratory, not multiplicity adjusted; failures unsuccessful E2E not clinical FN",[],20,0,0,0,0,0,1,0.17074972298248092,"[-0.17074972298248092, 0.17074972298248092]","One-sided exact95% upper bound on unseen discordance probability; absolute true risk difference cannot exceed discordance probability. Conservative supplement, original percentile bootstrap preserved; independent-study assumption and exploratory scope apply."
CXR,gpt-6-astra,pleural_effusion,self-review,all-assigned paired end-to-end label success,4,4,0,0,0,0.0,1.0,"[0.0, 0.0]","Released-study paired percentile bootstrap 5000; CT/MR patient IDs, OpenI report-ID proxies; global independence uncertain; exploratory, not multiplicity adjusted; failures unsuccessful E2E not clinical FN",[],5,0,0,0,0,0,0,0.5271291954984121,"[-0.5271291954984121, 0.5271291954984121]","One-sided exact95% upper bound on unseen discordance probability; absolute true risk difference cannot exceed discordance probability. Conservative supplement, original percentile bootstrap preserved; independent-study assumption and exploratory scope apply."
CXR,gpt-6-astra,pneumothorax,A-vs-B,all-assigned paired end-to-end label success,18,14,1,1,2,0.0,1.0,"[-0.16666666666666666, 0.16666666666666666]","Released-study paired percentile bootstrap 5000; CT/MR patient IDs, OpenI report-ID proxies; global independence uncertain; exploratory, not multiplicity adjusted; failures unsuccessful E2E not clinical FN",[],20,0,0,1,0,1,2,,,
CXR,gpt-6-astra,pneumothorax,delegated,all-assigned paired end-to-end label success,18,15,0,0,3,0.0,1.0,"[0.0, 0.0]","Released-study paired percentile bootstrap 5000; CT/MR patient IDs, OpenI report-ID proxies; global independence uncertain; exploratory, not multiplicity adjusted; failures unsuccessful E2E not clinical FN",[],20,0,0,0,0,0,3,0.1533175539572782,"[-0.1533175539572782, 0.1533175539572782]","One-sided exact95% upper bound on unseen discordance probability; absolute true risk difference cannot exceed discordance probability. Conservative supplement, original percentile bootstrap preserved; independent-study assumption and exploratory scope apply."
CXR,gpt-6-astra,pneumothorax,second-reader,all-assigned paired end-to-end label success,18,15,0,0,3,0.0,1.0,"[0.0, 0.0]","Released-study paired percentile bootstrap 5000; CT/MR patient IDs, OpenI report-ID proxies; global independence uncertain; exploratory, not multiplicity adjusted; failures unsuccessful E2E not clinical FN",[],20,0,0,0,0,0,3,0.1533175539572782,"[-0.1533175539572782, 0.1533175539572782]","One-sided exact95% upper bound on unseen discordance probability; absolute true risk difference cannot exceed discordance probability. Conservative supplement, original percentile bootstrap preserved; independent-study assumption and exploratory scope apply."
CXR,gpt-6-astra,pneumothorax,self-review,all-assigned paired end-to-end label success,4,3,0,0,1,0.0,1.0,"[0.0, 0.0]","Released-study paired percentile bootstrap 5000; CT/MR patient IDs, OpenI report-ID proxies; global independence uncertain; exploratory, not multiplicity adjusted; failures unsuccessful E2E not clinical FN",[],5,0,0,0,0,0,1,0.5271291954984121,"[-0.5271291954984121, 0.5271291954984121]","One-sided exact95% upper bound on unseen discordance probability; absolute true risk difference cannot exceed discordance probability. Conservative supplement, original percentile bootstrap preserved; independent-study assumption and exploratory scope apply."
CXR,gpt-6-astra,cardiomegaly,A-vs-B,all-assigned paired end-to-end label success,16,12,0,0,4,0.0,1.0,"[0.0, 0.0]","Released-study paired percentile bootstrap 5000; CT/MR patient IDs, OpenI report-ID proxies; global independence uncertain; exploratory, not multiplicity adjusted; failures unsuccessful E2E not clinical FN",[],20,0,0,0,0,0,3,0.17074972298248092,"[-0.17074972298248092, 0.17074972298248092]","One-sided exact95% upper bound on unseen discordance probability; absolute true risk difference cannot exceed discordance probability. Conservative supplement, original percentile bootstrap preserved; independent-study assumption and exploratory scope apply."
CXR,gpt-6-astra,cardiomegaly,delegated,all-assigned paired end-to-end label success,16,12,0,0,4,0.0,1.0,"[0.0, 0.0]","Released-study paired percentile bootstrap 5000; CT/MR patient IDs, OpenI report-ID proxies; global independence uncertain; exploratory, not multiplicity adjusted; failures unsuccessful E2E not clinical FN",[],20,0,0,0,0,0,3,0.17074972298248092,"[-0.17074972298248092, 0.17074972298248092]","One-sided exact95% upper bound on unseen discordance probability; absolute true risk difference cannot exceed discordance probability. Conservative supplement, original percentile bootstrap preserved; independent-study assumption and exploratory scope apply."
CXR,gpt-6-astra,cardiomegaly,second-reader,all-assigned paired end-to-end label success,16,12,0,0,4,0.0,1.0,"[0.0, 0.0]","Released-study paired percentile bootstrap 5000; CT/MR patient IDs, OpenI report-ID proxies; global independence uncertain; exploratory, not multiplicity adjusted; failures unsuccessful E2E not clinical FN",[],20,0,0,0,0,0,3,0.17074972298248092,"[-0.17074972298248092, 0.17074972298248092]","One-sided exact95% upper bound on unseen discordance probability; absolute true risk difference cannot exceed discordance probability. Conservative supplement, original percentile bootstrap preserved; independent-study assumption and exploratory scope apply."
CXR,gpt-6-astra,cardiomegaly,self-review,all-assigned paired end-to-end label success,4,2,0,0,2,0.0,1.0,"[0.0, 0.0]","Released-study paired percentile bootstrap 5000; CT/MR patient IDs, OpenI report-ID proxies; global independence uncertain; exploratory, not multiplicity adjusted; failures unsuccessful E2E not clinical FN",[],5,0,0,0,0,0,2,0.5271291954984121,"[-0.5271291954984121, 0.5271291954984121]","One-sided exact95% upper bound on unseen discordance probability; absolute true risk difference cannot exceed discordance probability. Conservative supplement, original percentile bootstrap preserved; independent-study assumption and exploratory scope apply."
CXR,gpt-6-astra,focal_consolidation,A-vs-B,all-assigned paired end-to-end label success,15,14,0,0,1,0.0,1.0,"[0.0, 0.0]","Released-study paired percentile bootstrap 5000; CT/MR patient IDs, OpenI report-ID proxies; global independence uncertain; exploratory, not multiplicity adjusted; failures unsuccessful E2E not clinical FN",[],20,0,0,0,0,0,1,0.18103627252208465,"[-0.18103627252208465, 0.18103627252208465]","One-sided exact95% upper bound on unseen discordance probability; absolute true risk difference cannot exceed discordance probability. Conservative supplement, original percentile bootstrap preserved; independent-study assumption and exploratory scope apply."
CXR,gpt-6-astra,focal_consolidation,delegated,all-assigned paired end-to-end label success,15,14,0,0,1,0.0,1.0,"[0.0, 0.0]","Released-study paired percentile bootstrap 5000; CT/MR patient IDs, OpenI report-ID proxies; global independence uncertain; exploratory, not multiplicity adjusted; failures unsuccessful E2E not clinical FN",[],20,0,0,0,0,0,1,0.18103627252208465,"[-0.18103627252208465, 0.18103627252208465]","One-sided exact95% upper bound on unseen discordance probability; absolute true risk difference cannot exceed discordance probability. Conservative supplement, original percentile bootstrap preserved; independent-study assumption and exploratory scope apply."
CXR,gpt-6-astra,focal_consolidation,second-reader,all-assigned paired end-to-end label success,15,14,0,0,1,0.0,1.0,"[0.0, 0.0]","Released-study paired percentile bootstrap 5000; CT/MR patient IDs, OpenI report-ID proxies; global independence uncertain; exploratory, not multiplicity adjusted; failures unsuccessful E2E not clinical FN",[],20,0,0,0,0,0,1,0.18103627252208465,"[-0.18103627252208465, 0.18103627252208465]","One-sided exact95% upper bound on unseen discordance probability; absolute true risk difference cannot exceed discordance probability. Conservative supplement, original percentile bootstrap preserved; independent-study assumption and exploratory scope apply."
CXR,gpt-6-astra,focal_consolidation,self-review,all-assigned paired end-to-end label success,4,4,0,0,0,0.0,1.0,"[0.0, 0.0]","Released-study paired percentile bootstrap 5000; CT/MR patient IDs, OpenI report-ID proxies; global independence uncertain; exploratory, not multiplicity adjusted; failures unsuccessful E2E not clinical FN",[],5,0,0,0,0,0,0,0.5271291954984121,"[-0.5271291954984121, 0.5271291954984121]","One-sided exact95% upper bound on unseen discordance probability; absolute true risk difference cannot exceed discordance probability. Conservative supplement, original percentile bootstrap preserved; independent-study assumption and exploratory scope apply."
CT,gpt-6-luna,pleural_effusion,A-vs-B,all-assigned paired end-to-end label success,2,1,0,1,0,0.5,1.0,"[0.0, 1.0]","Released-study paired percentile bootstrap 5000; CT/MR patient IDs, OpenI report-ID proxies; global independence uncertain; exploratory, not multiplicity adjusted; failures unsuccessful E2E not clinical FN","[""CT-EVALUATION-001"", ""CT-EVALUATION-002"", ""CT-EVALUATION-003"", ""CT-EVALUATION-004"", ""CT-EVALUATION-005"", ""CT-EVALUATION-006""]",10,0,0,0,0,1,0,,,
CT,gpt-6-luna,pleural_effusion,delegated,all-assigned paired end-to-end label success,6,6,0,0,0,0.0,1.0,"[0.0, 0.0]","Released-study paired percentile bootstrap 5000; CT/MR patient IDs, OpenI report-ID proxies; global independence uncertain; exploratory, not multiplicity adjusted; failures unsuccessful E2E not clinical FN",[],10,0,0,0,0,0,0,0.39303776899708276,"[-0.39303776899708276, 0.39303776899708276]","One-sided exact95% upper bound on unseen discordance probability; absolute true risk difference cannot exceed discordance probability. Conservative supplement, original percentile bootstrap preserved; independent-study assumption and exploratory scope apply."
CT,gpt-6-luna,pleural_effusion,second-reader,all-assigned paired end-to-end label success,6,6,0,0,0,0.0,1.0,"[0.0, 0.0]","Released-study paired percentile bootstrap 5000; CT/MR patient IDs, OpenI report-ID proxies; global independence uncertain; exploratory, not multiplicity adjusted; failures unsuccessful E2E not clinical FN",[],10,0,0,0,0,0,0,0.39303776899708276,"[-0.39303776899708276, 0.39303776899708276]","One-sided exact95% upper bound on unseen discordance probability; absolute true risk difference cannot exceed discordance probability. Conservative supplement, original percentile bootstrap preserved; independent-study assumption and exploratory scope apply."
CT,gpt-6-luna,pleural_effusion,self-review,all-assigned paired end-to-end label success,2,2,0,0,0,0.0,1.0,"[0.0, 0.0]","Released-study paired percentile bootstrap 5000; CT/MR patient IDs, OpenI report-ID proxies; global independence uncertain; exploratory, not multiplicity adjusted; failures unsuccessful E2E not clinical FN",[],3,0,0,0,0,0,0,0.7763932022500211,"[-0.7763932022500211, 0.7763932022500211]","One-sided exact95% upper bound on unseen discordance probability; absolute true risk difference cannot exceed discordance probability. Conservative supplement, original percentile bootstrap preserved; independent-study assumption and exploratory scope apply."
CT,gpt-6-luna,pulmonary_nodule,A-vs-B,all-assigned paired end-to-end label success,3,0,0,0,3,0.0,1.0,"[0.0, 0.0]","Released-study paired percentile bootstrap 5000; CT/MR patient IDs, OpenI report-ID proxies; global independence uncertain; exploratory, not multiplicity adjusted; failures unsuccessful E2E not clinical FN","[""CT-EVALUATION-001"", ""CT-EVALUATION-002"", ""CT-EVALUATION-003"", ""CT-EVALUATION-004"", ""CT-EVALUATION-005"", ""CT-EVALUATION-006""]",10,0,0,0,0,0,0,0.6315968501359612,"[-0.6315968501359612, 0.6315968501359612]","One-sided exact95% upper bound on unseen discordance probability; absolute true risk difference cannot exceed discordance probability. Conservative supplement, original percentile bootstrap preserved; independent-study assumption and exploratory scope apply."
CT,gpt-6-luna,pulmonary_nodule,delegated,all-assigned paired end-to-end label success,5,0,0,0,5,0.0,1.0,"[0.0, 0.0]","Released-study paired percentile bootstrap 5000; CT/MR patient IDs, OpenI report-ID proxies; global independence uncertain; exploratory, not multiplicity adjusted; failures unsuccessful E2E not clinical FN",[],10,0,0,0,0,0,1,0.4507197283469412,"[-0.4507197283469412, 0.4507197283469412]","One-sided exact95% upper bound on unseen discordance probability; absolute true risk difference cannot exceed discordance probability. Conservative supplement, original percentile bootstrap preserved; independent-study assumption and exploratory scope apply."
CT,gpt-6-luna,pulmonary_nodule,second-reader,all-assigned paired end-to-end label success,5,0,0,0,5,0.0,1.0,"[0.0, 0.0]","Released-study paired percentile bootstrap 5000; CT/MR patient IDs, OpenI report-ID proxies; global independence uncertain; exploratory, not multiplicity adjusted; failures unsuccessful E2E not clinical FN",[],10,0,0,0,0,0,1,0.4507197283469412,"[-0.4507197283469412, 0.4507197283469412]","One-sided exact95% upper bound on unseen discordance probability; absolute true risk difference cannot exceed discordance probability. Conservative supplement, original percentile bootstrap preserved; independent-study assumption and exploratory scope apply."
CT,gpt-6-luna,pulmonary_nodule,self-review,all-assigned paired end-to-end label success,1,0,0,0,1,0.0,1.0,"[0.0, 0.0]","Released-study paired percentile bootstrap 5000; CT/MR patient IDs, OpenI report-ID proxies; global independence uncertain; exploratory, not multiplicity adjusted; failures unsuccessful E2E not clinical FN",[],3,0,0,0,0,0,0,0.95,"[-0.95, 0.95]","One-sided exact95% upper bound on unseen discordance probability; absolute true risk difference cannot exceed discordance probability. Conservative supplement, original percentile bootstrap preserved; independent-study assumption and exploratory scope apply."
CT,gpt-6-luna,consolidation,delegated,all-assigned paired end-to-end label success,2,2,0,0,0,0.0,1.0,"[0.0, 0.0]","Released-study paired percentile bootstrap 5000; CT/MR patient IDs, OpenI report-ID proxies; global independence uncertain; exploratory, not multiplicity adjusted; failures unsuccessful E2E not clinical FN",[],10,0,0,0,0,0,0,0.7763932022500211,"[-0.7763932022500211, 0.7763932022500211]","One-sided exact95% upper bound on unseen discordance probability; absolute true risk difference cannot exceed discordance probability. Conservative supplement, original percentile bootstrap preserved; independent-study assumption and exploratory scope apply."
CT,gpt-6-luna,consolidation,second-reader,all-assigned paired end-to-end label success,2,2,0,0,0,0.0,1.0,"[0.0, 0.0]","Released-study paired percentile bootstrap 5000; CT/MR patient IDs, OpenI report-ID proxies; global independence uncertain; exploratory, not multiplicity adjusted; failures unsuccessful E2E not clinical FN",[],10,0,0,0,0,0,0,0.7763932022500211,"[-0.7763932022500211, 0.7763932022500211]","One-sided exact95% upper bound on unseen discordance probability; absolute true risk difference cannot exceed discordance probability. Conservative supplement, original percentile bootstrap preserved; independent-study assumption and exploratory scope apply."
CT,gpt-6-luna,consolidation,self-review,all-assigned paired end-to-end label success,1,1,0,0,0,0.0,1.0,"[0.0, 0.0]","Released-study paired percentile bootstrap 5000; CT/MR patient IDs, OpenI report-ID proxies; global independence uncertain; exploratory, not multiplicity adjusted; failures unsuccessful E2E not clinical FN",[],3,0,0,0,0,0,0,0.95,"[-0.95, 0.95]","One-sided exact95% upper bound on unseen discordance probability; absolute true risk difference cannot exceed discordance probability. Conservative supplement, original percentile bootstrap preserved; independent-study assumption and exploratory scope apply."
CT,gpt-6-luna,emphysema,delegated,all-assigned paired end-to-end label success,1,0,0,0,1,0.0,1.0,"[0.0, 0.0]","Released-study paired percentile bootstrap 5000; CT/MR patient IDs, OpenI report-ID proxies; global independence uncertain; exploratory, not multiplicity adjusted; failures unsuccessful E2E not clinical FN",[],10,0,0,0,0,0,1,0.95,"[-0.95, 0.95]","One-sided exact95% upper bound on unseen discordance probability; absolute true risk difference cannot exceed discordance probability. Conservative supplement, original percentile bootstrap preserved; independent-study assumption and exploratory scope apply."
CT,gpt-6-luna,emphysema,second-reader,all-assigned paired end-to-end label success,1,0,0,0,1,0.0,1.0,"[0.0, 0.0]","Released-study paired percentile bootstrap 5000; CT/MR patient IDs, OpenI report-ID proxies; global independence uncertain; exploratory, not multiplicity adjusted; failures unsuccessful E2E not clinical FN",[],10,0,0,0,0,0,1,0.95,"[-0.95, 0.95]","One-sided exact95% upper bound on unseen discordance probability; absolute true risk difference cannot exceed discordance probability. Conservative supplement, original percentile bootstrap preserved; independent-study assumption and exploratory scope apply."
CT,gpt-6-luna,emphysema,self-review,all-assigned paired end-to-end label success,1,0,0,0,1,0.0,1.0,"[0.0, 0.0]","Released-study paired percentile bootstrap 5000; CT/MR patient IDs, OpenI report-ID proxies; global independence uncertain; exploratory, not multiplicity adjusted; failures unsuccessful E2E not clinical FN",[],3,0,0,0,0,0,1,0.95,"[-0.95, 0.95]","One-sided exact95% upper bound on unseen discordance probability; absolute true risk difference cannot exceed discordance probability. Conservative supplement, original percentile bootstrap preserved; independent-study assumption and exploratory scope apply."
CT,gpt-6.1-sol,pleural_effusion,A-vs-B,all-assigned paired end-to-end label success,2,2,0,0,0,0.0,1.0,"[0.0, 0.0]","Released-study paired percentile bootstrap 5000; CT/MR patient IDs, OpenI report-ID proxies; global independence uncertain; exploratory, not multiplicity adjusted; failures unsuccessful E2E not clinical FN","[""CT-EVALUATION-001"", ""CT-EVALUATION-002"", ""CT-EVALUATION-003"", ""CT-EVALUATION-004"", ""CT-EVALUATION-005"", ""CT-EVALUATION-006""]",10,0,0,0,0,0,0,0.7763932022500211,"[-0.7763932022500211, 0.7763932022500211]","One-sided exact95% upper bound on unseen discordance probability; absolute true risk difference cannot exceed discordance probability. Conservative supplement, original percentile bootstrap preserved; independent-study assumption and exploratory scope apply."
CT,gpt-6.1-sol,pleural_effusion,delegated,all-assigned paired end-to-end label success,6,6,0,0,0,0.0,1.0,"[0.0, 0.0]","Released-study paired percentile bootstrap 5000; CT/MR patient IDs, OpenI report-ID proxies; global independence uncertain; exploratory, not multiplicity adjusted; failures unsuccessful E2E not clinical FN",[],10,0,0,0,0,0,0,0.39303776899708276,"[-0.39303776899708276, 0.39303776899708276]","One-sided exact95% upper bound on unseen discordance probability; absolute true risk difference cannot exceed discordance probability. Conservative supplement, original percentile bootstrap preserved; independent-study assumption and exploratory scope apply."
CT,gpt-6.1-sol,pleural_effusion,second-reader,all-assigned paired end-to-end label success,6,6,0,0,0,0.0,1.0,"[0.0, 0.0]","Released-study paired percentile bootstrap 5000; CT/MR patient IDs, OpenI report-ID proxies; global independence uncertain; exploratory, not multiplicity adjusted; failures unsuccessful E2E not clinical FN",[],10,0,0,0,0,0,0,0.39303776899708276,"[-0.39303776899708276, 0.39303776899708276]","One-sided exact95% upper bound on unseen discordance probability; absolute true risk difference cannot exceed discordance probability. Conservative supplement, original percentile bootstrap preserved; independent-study assumption and exploratory scope apply."
CT,gpt-6.1-sol,pleural_effusion,self-review,all-assigned paired end-to-end label success,2,2,0,0,0,0.0,1.0,"[0.0, 0.0]","Released-study paired percentile bootstrap 5000; CT/MR patient IDs, OpenI report-ID proxies; global independence uncertain; exploratory, not multiplicity adjusted; failures unsuccessful E2E not clinical FN",[],3,0,0,0,0,0,0,0.7763932022500211,"[-0.7763932022500211, 0.7763932022500211]","One-sided exact95% upper bound on unseen discordance probability; absolute true risk difference cannot exceed discordance probability. Conservative supplement, original percentile bootstrap preserved; independent-study assumption and exploratory scope apply."
CT,gpt-6.1-sol,pulmonary_nodule,A-vs-B,all-assigned paired end-to-end label success,3,0,0,0,3,0.0,1.0,"[0.0, 0.0]","Released-study paired percentile bootstrap 5000; CT/MR patient IDs, OpenI report-ID proxies; global independence uncertain; exploratory, not multiplicity adjusted; failures unsuccessful E2E not clinical FN","[""CT-EVALUATION-001"", ""CT-EVALUATION-002"", ""CT-EVALUATION-003"", ""CT-EVALUATION-004"", ""CT-EVALUATION-005"", ""CT-EVALUATION-006""]",10,0,0,0,0,0,0,0.6315968501359612,"[-0.6315968501359612, 0.6315968501359612]","One-sided exact95% upper bound on unseen discordance probability; absolute true risk difference cannot exceed discordance probability. Conservative supplement, original percentile bootstrap preserved; independent-study assumption and exploratory scope apply."
CT,gpt-6.1-sol,pulmonary_nodule,delegated,all-assigned paired end-to-end label success,5,1,0,0,4,0.0,1.0,"[0.0, 0.0]","Released-study paired percentile bootstrap 5000; CT/MR patient IDs, OpenI report-ID proxies; global independence uncertain; exploratory, not multiplicity adjusted; failures unsuccessful E2E not clinical FN",[],10,0,0,0,0,0,1,0.4507197283469412,"[-0.4507197283469412, 0.4507197283469412]","One-sided exact95% upper bound on unseen discordance probability; absolute true risk difference cannot exceed discordance probability. Conservative supplement, original percentile bootstrap preserved; independent-study assumption and exploratory scope apply."
CT,gpt-6.1-sol,pulmonary_nodule,second-reader,all-assigned paired end-to-end label success,5,1,0,0,4,0.0,1.0,"[0.0, 0.0]","Released-study paired percentile bootstrap 5000; CT/MR patient IDs, OpenI report-ID proxies; global independence uncertain; exploratory, not multiplicity adjusted; failures unsuccessful E2E not clinical FN",[],10,0,0,0,0,0,2,0.4507197283469412,"[-0.4507197283469412, 0.4507197283469412]","One-sided exact95% upper bound on unseen discordance probability; absolute true risk difference cannot exceed discordance probability. Conservative supplement, original percentile bootstrap preserved; independent-study assumption and exploratory scope apply."
CT,gpt-6.1-sol,pulmonary_nodule,self-review,all-assigned paired end-to-end label success,1,0,0,0,1,0.0,1.0,"[0.0, 0.0]","Released-study paired percentile bootstrap 5000; CT/MR patient IDs, OpenI report-ID proxies; global independence uncertain; exploratory, not multiplicity adjusted; failures unsuccessful E2E not clinical FN",[],3,0,0,0,0,0,0,0.95,"[-0.95, 0.95]","One-sided exact95% upper bound on unseen discordance probability; absolute true risk difference cannot exceed discordance probability. Conservative supplement, original percentile bootstrap preserved; independent-study assumption and exploratory scope apply."
CT,gpt-6.1-sol,consolidation,delegated,all-assigned paired end-to-end label success,2,2,0,0,0,0.0,1.0,"[0.0, 0.0]","Released-study paired percentile bootstrap 5000; CT/MR patient IDs, OpenI report-ID proxies; global independence uncertain; exploratory, not multiplicity adjusted; failures unsuccessful E2E not clinical FN",[],10,0,0,0,0,0,0,0.7763932022500211,"[-0.7763932022500211, 0.7763932022500211]","One-sided exact95% upper bound on unseen discordance probability; absolute true risk difference cannot exceed discordance probability. Conservative supplement, original percentile bootstrap preserved; independent-study assumption and exploratory scope apply."
CT,gpt-6.1-sol,consolidation,second-reader,all-assigned paired end-to-end label success,2,2,0,0,0,0.0,1.0,"[0.0, 0.0]","Released-study paired percentile bootstrap 5000; CT/MR patient IDs, OpenI report-ID proxies; global independence uncertain; exploratory, not multiplicity adjusted; failures unsuccessful E2E not clinical FN",[],10,0,0,0,0,0,0,0.7763932022500211,"[-0.7763932022500211, 0.7763932022500211]","One-sided exact95% upper bound on unseen discordance probability; absolute true risk difference cannot exceed discordance probability. Conservative supplement, original percentile bootstrap preserved; independent-study assumption and exploratory scope apply."
CT,gpt-6.1-sol,consolidation,self-review,all-assigned paired end-to-end label success,1,1,0,0,0,0.0,1.0,"[0.0, 0.0]","Released-study paired percentile bootstrap 5000; CT/MR patient IDs, OpenI report-ID proxies; global independence uncertain; exploratory, not multiplicity adjusted; failures unsuccessful E2E not clinical FN",[],3,0,0,0,0,0,0,0.95,"[-0.95, 0.95]","One-sided exact95% upper bound on unseen discordance probability; absolute true risk difference cannot exceed discordance probability. Conservative supplement, original percentile bootstrap preserved; independent-study assumption and exploratory scope apply."
CT,gpt-6.1-sol,emphysema,delegated,all-assigned paired end-to-end label success,1,1,0,0,0,0.0,1.0,"[0.0, 0.0]","Released-study paired percentile bootstrap 5000; CT/MR patient IDs, OpenI report-ID proxies; global independence uncertain; exploratory, not multiplicity adjusted; failures unsuccessful E2E not clinical FN",[],10,0,0,0,0,0,0,0.95,"[-0.95, 0.95]","One-sided exact95% upper bound on unseen discordance probability; absolute true risk difference cannot exceed discordance probability. Conservative supplement, original percentile bootstrap preserved; independent-study assumption and exploratory scope apply."
CT,gpt-6.1-sol,emphysema,second-reader,all-assigned paired end-to-end label success,1,1,0,0,0,0.0,1.0,"[0.0, 0.0]","Released-study paired percentile bootstrap 5000; CT/MR patient IDs, OpenI report-ID proxies; global independence uncertain; exploratory, not multiplicity adjusted; failures unsuccessful E2E not clinical FN",[],10,0,0,0,0,0,0,0.95,"[-0.95, 0.95]","One-sided exact95% upper bound on unseen discordance probability; absolute true risk difference cannot exceed discordance probability. Conservative supplement, original percentile bootstrap preserved; independent-study assumption and exploratory scope apply."
CT,gpt-6.1-sol,emphysema,self-review,all-assigned paired end-to-end label success,1,1,0,0,0,0.0,1.0,"[0.0, 0.0]","Released-study paired percentile bootstrap 5000; CT/MR patient IDs, OpenI report-ID proxies; global independence uncertain; exploratory, not multiplicity adjusted; failures unsuccessful E2E not clinical FN",[],3,0,0,0,0,0,0,0.95,"[-0.95, 0.95]","One-sided exact95% upper bound on unseen discordance probability; absolute true risk difference cannot exceed discordance probability. Conservative supplement, original percentile bootstrap preserved; independent-study assumption and exploratory scope apply."
CT,gpt-6-astra,pleural_effusion,A-vs-B,all-assigned paired end-to-end label success,2,2,0,0,0,0.0,1.0,"[0.0, 0.0]","Released-study paired percentile bootstrap 5000; CT/MR patient IDs, OpenI report-ID proxies; global independence uncertain; exploratory, not multiplicity adjusted; failures unsuccessful E2E not clinical FN","[""CT-EVALUATION-001"", ""CT-EVALUATION-002"", ""CT-EVALUATION-003"", ""CT-EVALUATION-004"", ""CT-EVALUATION-005"", ""CT-EVALUATION-006""]",10,0,0,0,0,0,0,0.7763932022500211,"[-0.7763932022500211, 0.7763932022500211]","One-sided exact95% upper bound on unseen discordance probability; absolute true risk difference cannot exceed discordance probability. Conservative supplement, original percentile bootstrap preserved; independent-study assumption and exploratory scope apply."
CT,gpt-6-astra,pleural_effusion,delegated,all-assigned paired end-to-end label success,6,6,0,0,0,0.0,1.0,"[0.0, 0.0]","Released-study paired percentile bootstrap 5000; CT/MR patient IDs, OpenI report-ID proxies; global independence uncertain; exploratory, not multiplicity adjusted; failures unsuccessful E2E not clinical FN",[],10,0,0,0,0,0,0,0.39303776899708276,"[-0.39303776899708276, 0.39303776899708276]","One-sided exact95% upper bound on unseen discordance probability; absolute true risk difference cannot exceed discordance probability. Conservative supplement, original percentile bootstrap preserved; independent-study assumption and exploratory scope apply."
CT,gpt-6-astra,pleural_effusion,second-reader,all-assigned paired end-to-end label success,6,6,0,0,0,0.0,1.0,"[0.0, 0.0]","Released-study paired percentile bootstrap 5000; CT/MR patient IDs, OpenI report-ID proxies; global independence uncertain; exploratory, not multiplicity adjusted; failures unsuccessful E2E not clinical FN",[],10,0,0,0,0,0,0,0.39303776899708276,"[-0.39303776899708276, 0.39303776899708276]","One-sided exact95% upper bound on unseen discordance probability; absolute true risk difference cannot exceed discordance probability. Conservative supplement, original percentile bootstrap preserved; independent-study assumption and exploratory scope apply."
CT,gpt-6-astra,pleural_effusion,self-review,all-assigned paired end-to-end label success,2,2,0,0,0,0.0,1.0,"[0.0, 0.0]","Released-study paired percentile bootstrap 5000; CT/MR patient IDs, OpenI report-ID proxies; global independence uncertain; exploratory, not multiplicity adjusted; failures unsuccessful E2E not clinical FN",[],3,0,0,0,0,0,0,0.7763932022500211,"[-0.7763932022500211, 0.7763932022500211]","One-sided exact95% upper bound on unseen discordance probability; absolute true risk difference cannot exceed discordance probability. Conservative supplement, original percentile bootstrap preserved; independent-study assumption and exploratory scope apply."
CT,gpt-6-astra,pulmonary_nodule,A-vs-B,all-assigned paired end-to-end label success,3,0,0,0,3,0.0,1.0,"[0.0, 0.0]","Released-study paired percentile bootstrap 5000; CT/MR patient IDs, OpenI report-ID proxies; global independence uncertain; exploratory, not multiplicity adjusted; failures unsuccessful E2E not clinical FN","[""CT-EVALUATION-001"", ""CT-EVALUATION-002"", ""CT-EVALUATION-003"", ""CT-EVALUATION-004"", ""CT-EVALUATION-005"", ""CT-EVALUATION-006""]",10,0,0,0,0,0,0,0.6315968501359612,"[-0.6315968501359612, 0.6315968501359612]","One-sided exact95% upper bound on unseen discordance probability; absolute true risk difference cannot exceed discordance probability. Conservative supplement, original percentile bootstrap preserved; independent-study assumption and exploratory scope apply."
CT,gpt-6-astra,pulmonary_nodule,delegated,all-assigned paired end-to-end label success,5,0,1,0,4,-0.2,1.0,"[-0.6, 0.0]","Released-study paired percentile bootstrap 5000; CT/MR patient IDs, OpenI report-ID proxies; global independence uncertain; exploratory, not multiplicity adjusted; failures unsuccessful E2E not clinical FN",[],10,0,0,0,1,0,1,,,
CT,gpt-6-astra,pulmonary_nodule,second-reader,all-assigned paired end-to-end label success,5,1,0,0,4,0.0,1.0,"[0.0, 0.0]","Released-study paired percentile bootstrap 5000; CT/MR patient IDs, OpenI report-ID proxies; global independence uncertain; exploratory, not multiplicity adjusted; failures unsuccessful E2E not clinical FN",[],10,0,0,0,0,0,1,0.4507197283469412,"[-0.4507197283469412, 0.4507197283469412]","One-sided exact95% upper bound on unseen discordance probability; absolute true risk difference cannot exceed discordance probability. Conservative supplement, original percentile bootstrap preserved; independent-study assumption and exploratory scope apply."
CT,gpt-6-astra,pulmonary_nodule,self-review,all-assigned paired end-to-end label success,1,0,0,0,1,0.0,1.0,"[0.0, 0.0]","Released-study paired percentile bootstrap 5000; CT/MR patient IDs, OpenI report-ID proxies; global independence uncertain; exploratory, not multiplicity adjusted; failures unsuccessful E2E not clinical FN",[],3,0,0,0,0,0,0,0.95,"[-0.95, 0.95]","One-sided exact95% upper bound on unseen discordance probability; absolute true risk difference cannot exceed discordance probability. Conservative supplement, original percentile bootstrap preserved; independent-study assumption and exploratory scope apply."
CT,gpt-6-astra,consolidation,delegated,all-assigned paired end-to-end label success,2,2,0,0,0,0.0,1.0,"[0.0, 0.0]","Released-study paired percentile bootstrap 5000; CT/MR patient IDs, OpenI report-ID proxies; global independence uncertain; exploratory, not multiplicity adjusted; failures unsuccessful E2E not clinical FN",[],10,0,0,0,0,0,0,0.7763932022500211,"[-0.7763932022500211, 0.7763932022500211]","One-sided exact95% upper bound on unseen discordance probability; absolute true risk difference cannot exceed discordance probability. Conservative supplement, original percentile bootstrap preserved; independent-study assumption and exploratory scope apply."
CT,gpt-6-astra,consolidation,second-reader,all-assigned paired end-to-end label success,2,2,0,0,0,0.0,1.0,"[0.0, 0.0]","Released-study paired percentile bootstrap 5000; CT/MR patient IDs, OpenI report-ID proxies; global independence uncertain; exploratory, not multiplicity adjusted; failures unsuccessful E2E not clinical FN",[],10,0,0,0,0,0,0,0.7763932022500211,"[-0.7763932022500211, 0.7763932022500211]","One-sided exact95% upper bound on unseen discordance probability; absolute true risk difference cannot exceed discordance probability. Conservative supplement, original percentile bootstrap preserved; independent-study assumption and exploratory scope apply."
CT,gpt-6-astra,consolidation,self-review,all-assigned paired end-to-end label success,1,1,0,0,0,0.0,1.0,"[0.0, 0.0]","Released-study paired percentile bootstrap 5000; CT/MR patient IDs, OpenI report-ID proxies; global independence uncertain; exploratory, not multiplicity adjusted; failures unsuccessful E2E not clinical FN",[],3,0,0,0,0,0,0,0.95,"[-0.95, 0.95]","One-sided exact95% upper bound on unseen discordance probability; absolute true risk difference cannot exceed discordance probability. Conservative supplement, original percentile bootstrap preserved; independent-study assumption and exploratory scope apply."
CT,gpt-6-astra,emphysema,delegated,all-assigned paired end-to-end label success,1,1,0,0,0,0.0,1.0,"[0.0, 0.0]","Released-study paired percentile bootstrap 5000; CT/MR patient IDs, OpenI report-ID proxies; global independence uncertain; exploratory, not multiplicity adjusted; failures unsuccessful E2E not clinical FN",[],10,0,0,0,0,0,0,0.95,"[-0.95, 0.95]","One-sided exact95% upper bound on unseen discordance probability; absolute true risk difference cannot exceed discordance probability. Conservative supplement, original percentile bootstrap preserved; independent-study assumption and exploratory scope apply."
CT,gpt-6-astra,emphysema,second-reader,all-assigned paired end-to-end label success,1,1,0,0,0,0.0,1.0,"[0.0, 0.0]","Released-study paired percentile bootstrap 5000; CT/MR patient IDs, OpenI report-ID proxies; global independence uncertain; exploratory, not multiplicity adjusted; failures unsuccessful E2E not clinical FN",[],10,0,0,0,0,0,0,0.95,"[-0.95, 0.95]","One-sided exact95% upper bound on unseen discordance probability; absolute true risk difference cannot exceed discordance probability. Conservative supplement, original percentile bootstrap preserved; independent-study assumption and exploratory scope apply."
CT,gpt-6-astra,emphysema,self-review,all-assigned paired end-to-end label success,1,1,0,0,0,0.0,1.0,"[0.0, 0.0]","Released-study paired percentile bootstrap 5000; CT/MR patient IDs, OpenI report-ID proxies; global independence uncertain; exploratory, not multiplicity adjusted; failures unsuccessful E2E not clinical FN",[],3,0,0,0,0,0,0,0.95,"[-0.95, 0.95]","One-sided exact95% upper bound on unseen discordance probability; absolute true risk difference cannot exceed discordance probability. Conservative supplement, original percentile bootstrap preserved; independent-study assumption and exploratory scope apply."
MR,gpt-6-luna,white_matter_signal_abnormality,A-vs-B,all-assigned paired end-to-end label success,2,0,0,2,0,1.0,0.5,"[1.0, 1.0]","Released-study paired percentile bootstrap 5000; CT/MR patient IDs, OpenI report-ID proxies; global independence uncertain; exploratory, not multiplicity adjusted; failures unsuccessful E2E not clinical FN",[],10,0,0,0,0,2,0,,,
MR,gpt-6-luna,white_matter_signal_abnormality,delegated,all-assigned paired end-to-end label success,2,1,1,0,0,-0.5,1.0,"[-1.0, 0.0]","Released-study paired percentile bootstrap 5000; CT/MR patient IDs, OpenI report-ID proxies; global independence uncertain; exploratory, not multiplicity adjusted; failures unsuccessful E2E not clinical FN",[],10,0,0,1,0,0,0,,,
MR,gpt-6-luna,white_matter_signal_abnormality,second-reader,all-assigned paired end-to-end label success,2,2,0,0,0,0.0,1.0,"[0.0, 0.0]","Released-study paired percentile bootstrap 5000; CT/MR patient IDs, OpenI report-ID proxies; global independence uncertain; exploratory, not multiplicity adjusted; failures unsuccessful E2E not clinical FN",[],10,0,0,0,0,0,0,0.7763932022500211,"[-0.7763932022500211, 0.7763932022500211]","One-sided exact95% upper bound on unseen discordance probability; absolute true risk difference cannot exceed discordance probability. Conservative supplement, original percentile bootstrap preserved; independent-study assumption and exploratory scope apply."
MR,gpt-6-luna,white_matter_signal_abnormality,self-review,all-assigned paired end-to-end label success,1,1,0,0,0,0.0,1.0,"[0.0, 0.0]","Released-study paired percentile bootstrap 5000; CT/MR patient IDs, OpenI report-ID proxies; global independence uncertain; exploratory, not multiplicity adjusted; failures unsuccessful E2E not clinical FN",[],2,0,0,0,0,0,0,0.95,"[-0.95, 0.95]","One-sided exact95% upper bound on unseen discordance probability; absolute true risk difference cannot exceed discordance probability. Conservative supplement, original percentile bootstrap preserved; independent-study assumption and exploratory scope apply."
MR,gpt-6-luna,chronic_infarction,A-vs-B,all-assigned paired end-to-end label success,1,0,0,0,1,0.0,1.0,"[0.0, 0.0]","Released-study paired percentile bootstrap 5000; CT/MR patient IDs, OpenI report-ID proxies; global independence uncertain; exploratory, not multiplicity adjusted; failures unsuccessful E2E not clinical FN",[],10,0,0,0,0,0,0,0.95,"[-0.95, 0.95]","One-sided exact95% upper bound on unseen discordance probability; absolute true risk difference cannot exceed discordance probability. Conservative supplement, original percentile bootstrap preserved; independent-study assumption and exploratory scope apply."
MR,gpt-6-luna,chronic_infarction,delegated,all-assigned paired end-to-end label success,1,0,0,0,1,0.0,1.0,"[0.0, 0.0]","Released-study paired percentile bootstrap 5000; CT/MR patient IDs, OpenI report-ID proxies; global independence uncertain; exploratory, not multiplicity adjusted; failures unsuccessful E2E not clinical FN",[],10,0,0,0,0,0,1,0.95,"[-0.95, 0.95]","One-sided exact95% upper bound on unseen discordance probability; absolute true risk difference cannot exceed discordance probability. Conservative supplement, original percentile bootstrap preserved; independent-study assumption and exploratory scope apply."
MR,gpt-6-luna,chronic_infarction,second-reader,all-assigned paired end-to-end label success,1,0,0,0,1,0.0,1.0,"[0.0, 0.0]","Released-study paired percentile bootstrap 5000; CT/MR patient IDs, OpenI report-ID proxies; global independence uncertain; exploratory, not multiplicity adjusted; failures unsuccessful E2E not clinical FN",[],10,0,0,0,0,0,1,0.95,"[-0.95, 0.95]","One-sided exact95% upper bound on unseen discordance probability; absolute true risk difference cannot exceed discordance probability. Conservative supplement, original percentile bootstrap preserved; independent-study assumption and exploratory scope apply."
MR,gpt-6-luna,chronic_infarction,self-review,all-assigned paired end-to-end label success,1,0,0,0,1,0.0,1.0,"[0.0, 0.0]","Released-study paired percentile bootstrap 5000; CT/MR patient IDs, OpenI report-ID proxies; global independence uncertain; exploratory, not multiplicity adjusted; failures unsuccessful E2E not clinical FN",[],2,0,0,0,0,0,1,0.95,"[-0.95, 0.95]","One-sided exact95% upper bound on unseen discordance probability; absolute true risk difference cannot exceed discordance probability. Conservative supplement, original percentile bootstrap preserved; independent-study assumption and exploratory scope apply."
MR,gpt-6-luna,mass_lesion,A-vs-B,all-assigned paired end-to-end label success,1,0,0,0,1,0.0,1.0,"[0.0, 0.0]","Released-study paired percentile bootstrap 5000; CT/MR patient IDs, OpenI report-ID proxies; global independence uncertain; exploratory, not multiplicity adjusted; failures unsuccessful E2E not clinical FN",[],10,0,0,0,0,0,0,0.95,"[-0.95, 0.95]","One-sided exact95% upper bound on unseen discordance probability; absolute true risk difference cannot exceed discordance probability. Conservative supplement, original percentile bootstrap preserved; independent-study assumption and exploratory scope apply."
MR,gpt-6-luna,mass_lesion,delegated,all-assigned paired end-to-end label success,1,0,0,0,1,0.0,1.0,"[0.0, 0.0]","Released-study paired percentile bootstrap 5000; CT/MR patient IDs, OpenI report-ID proxies; global independence uncertain; exploratory, not multiplicity adjusted; failures unsuccessful E2E not clinical FN",[],10,0,0,0,0,0,1,0.95,"[-0.95, 0.95]","One-sided exact95% upper bound on unseen discordance probability; absolute true risk difference cannot exceed discordance probability. Conservative supplement, original percentile bootstrap preserved; independent-study assumption and exploratory scope apply."
MR,gpt-6-luna,mass_lesion,second-reader,all-assigned paired end-to-end label success,1,0,0,0,1,0.0,1.0,"[0.0, 0.0]","Released-study paired percentile bootstrap 5000; CT/MR patient IDs, OpenI report-ID proxies; global independence uncertain; exploratory, not multiplicity adjusted; failures unsuccessful E2E not clinical FN",[],10,0,0,0,0,0,1,0.95,"[-0.95, 0.95]","One-sided exact95% upper bound on unseen discordance probability; absolute true risk difference cannot exceed discordance probability. Conservative supplement, original percentile bootstrap preserved; independent-study assumption and exploratory scope apply."
MR,gpt-6-luna,mass_lesion,self-review,all-assigned paired end-to-end label success,1,0,0,0,1,0.0,1.0,"[0.0, 0.0]","Released-study paired percentile bootstrap 5000; CT/MR patient IDs, OpenI report-ID proxies; global independence uncertain; exploratory, not multiplicity adjusted; failures unsuccessful E2E not clinical FN",[],2,0,0,0,0,0,1,0.95,"[-0.95, 0.95]","One-sided exact95% upper bound on unseen discordance probability; absolute true risk difference cannot exceed discordance probability. Conservative supplement, original percentile bootstrap preserved; independent-study assumption and exploratory scope apply."
MR,gpt-6.1-sol,white_matter_signal_abnormality,A-vs-B,all-assigned paired end-to-end label success,2,1,0,1,0,0.5,1.0,"[0.0, 1.0]","Released-study paired percentile bootstrap 5000; CT/MR patient IDs, OpenI report-ID proxies; global independence uncertain; exploratory, not multiplicity adjusted; failures unsuccessful E2E not clinical FN",[],10,0,0,0,0,1,0,,,
MR,gpt-6.1-sol,white_matter_signal_abnormality,delegated,all-assigned paired end-to-end label success,2,2,0,0,0,0.0,1.0,"[0.0, 0.0]","Released-study paired percentile bootstrap 5000; CT/MR patient IDs, OpenI report-ID proxies; global independence uncertain; exploratory, not multiplicity adjusted; failures unsuccessful E2E not clinical FN",[],10,0,0,0,0,0,0,0.7763932022500211,"[-0.7763932022500211, 0.7763932022500211]","One-sided exact95% upper bound on unseen discordance probability; absolute true risk difference cannot exceed discordance probability. Conservative supplement, original percentile bootstrap preserved; independent-study assumption and exploratory scope apply."
MR,gpt-6.1-sol,white_matter_signal_abnormality,second-reader,all-assigned paired end-to-end label success,2,2,0,0,0,0.0,1.0,"[0.0, 0.0]","Released-study paired percentile bootstrap 5000; CT/MR patient IDs, OpenI report-ID proxies; global independence uncertain; exploratory, not multiplicity adjusted; failures unsuccessful E2E not clinical FN",[],10,0,0,0,0,0,0,0.7763932022500211,"[-0.7763932022500211, 0.7763932022500211]","One-sided exact95% upper bound on unseen discordance probability; absolute true risk difference cannot exceed discordance probability. Conservative supplement, original percentile bootstrap preserved; independent-study assumption and exploratory scope apply."
MR,gpt-6.1-sol,white_matter_signal_abnormality,self-review,all-assigned paired end-to-end label success,1,1,0,0,0,0.0,1.0,"[0.0, 0.0]","Released-study paired percentile bootstrap 5000; CT/MR patient IDs, OpenI report-ID proxies; global independence uncertain; exploratory, not multiplicity adjusted; failures unsuccessful E2E not clinical FN",[],2,0,0,0,0,0,0,0.95,"[-0.95, 0.95]","One-sided exact95% upper bound on unseen discordance probability; absolute true risk difference cannot exceed discordance probability. Conservative supplement, original percentile bootstrap preserved; independent-study assumption and exploratory scope apply."
MR,gpt-6.1-sol,chronic_infarction,A-vs-B,all-assigned paired end-to-end label success,1,0,0,0,1,0.0,1.0,"[0.0, 0.0]","Released-study paired percentile bootstrap 5000; CT/MR patient IDs, OpenI report-ID proxies; global independence uncertain; exploratory, not multiplicity adjusted; failures unsuccessful E2E not clinical FN",[],10,0,0,0,0,0,0,0.95,"[-0.95, 0.95]","One-sided exact95% upper bound on unseen discordance probability; absolute true risk difference cannot exceed discordance probability. Conservative supplement, original percentile bootstrap preserved; independent-study assumption and exploratory scope apply."
MR,gpt-6.1-sol,chronic_infarction,delegated,all-assigned paired end-to-end label success,1,0,0,0,1,0.0,1.0,"[0.0, 0.0]","Released-study paired percentile bootstrap 5000; CT/MR patient IDs, OpenI report-ID proxies; global independence uncertain; exploratory, not multiplicity adjusted; failures unsuccessful E2E not clinical FN",[],10,0,0,0,0,0,0,0.95,"[-0.95, 0.95]","One-sided exact95% upper bound on unseen discordance probability; absolute true risk difference cannot exceed discordance probability. Conservative supplement, original percentile bootstrap preserved; independent-study assumption and exploratory scope apply."
MR,gpt-6.1-sol,chronic_infarction,second-reader,all-assigned paired end-to-end label success,1,0,0,0,1,0.0,1.0,"[0.0, 0.0]","Released-study paired percentile bootstrap 5000; CT/MR patient IDs, OpenI report-ID proxies; global independence uncertain; exploratory, not multiplicity adjusted; failures unsuccessful E2E not clinical FN",[],10,0,0,0,0,0,0,0.95,"[-0.95, 0.95]","One-sided exact95% upper bound on unseen discordance probability; absolute true risk difference cannot exceed discordance probability. Conservative supplement, original percentile bootstrap preserved; independent-study assumption and exploratory scope apply."
MR,gpt-6.1-sol,chronic_infarction,self-review,all-assigned paired end-to-end label success,1,0,0,0,1,0.0,1.0,"[0.0, 0.0]","Released-study paired percentile bootstrap 5000; CT/MR patient IDs, OpenI report-ID proxies; global independence uncertain; exploratory, not multiplicity adjusted; failures unsuccessful E2E not clinical FN",[],2,0,0,0,0,0,0,0.95,"[-0.95, 0.95]","One-sided exact95% upper bound on unseen discordance probability; absolute true risk difference cannot exceed discordance probability. Conservative supplement, original percentile bootstrap preserved; independent-study assumption and exploratory scope apply."
MR,gpt-6.1-sol,mass_lesion,A-vs-B,all-assigned paired end-to-end label success,1,0,0,0,1,0.0,1.0,"[0.0, 0.0]","Released-study paired percentile bootstrap 5000; CT/MR patient IDs, OpenI report-ID proxies; global independence uncertain; exploratory, not multiplicity adjusted; failures unsuccessful E2E not clinical FN",[],10,0,0,0,0,0,1,0.95,"[-0.95, 0.95]","One-sided exact95% upper bound on unseen discordance probability; absolute true risk difference cannot exceed discordance probability. Conservative supplement, original percentile bootstrap preserved; independent-study assumption and exploratory scope apply."
MR,gpt-6.1-sol,mass_lesion,delegated,all-assigned paired end-to-end label success,1,0,0,0,1,0.0,1.0,"[0.0, 0.0]","Released-study paired percentile bootstrap 5000; CT/MR patient IDs, OpenI report-ID proxies; global independence uncertain; exploratory, not multiplicity adjusted; failures unsuccessful E2E not clinical FN",[],10,0,0,0,0,0,1,0.95,"[-0.95, 0.95]","One-sided exact95% upper bound on unseen discordance probability; absolute true risk difference cannot exceed discordance probability. Conservative supplement, original percentile bootstrap preserved; independent-study assumption and exploratory scope apply."
MR,gpt-6.1-sol,mass_lesion,second-reader,all-assigned paired end-to-end label success,1,0,0,0,1,0.0,1.0,"[0.0, 0.0]","Released-study paired percentile bootstrap 5000; CT/MR patient IDs, OpenI report-ID proxies; global independence uncertain; exploratory, not multiplicity adjusted; failures unsuccessful E2E not clinical FN",[],10,0,0,0,0,0,0,0.95,"[-0.95, 0.95]","One-sided exact95% upper bound on unseen discordance probability; absolute true risk difference cannot exceed discordance probability. Conservative supplement, original percentile bootstrap preserved; independent-study assumption and exploratory scope apply."
MR,gpt-6.1-sol,mass_lesion,self-review,all-assigned paired end-to-end label success,1,0,0,0,1,0.0,1.0,"[0.0, 0.0]","Released-study paired percentile bootstrap 5000; CT/MR patient IDs, OpenI report-ID proxies; global independence uncertain; exploratory, not multiplicity adjusted; failures unsuccessful E2E not clinical FN",[],2,0,0,0,0,0,0,0.95,"[-0.95, 0.95]","One-sided exact95% upper bound on unseen discordance probability; absolute true risk difference cannot exceed discordance probability. Conservative supplement, original percentile bootstrap preserved; independent-study assumption and exploratory scope apply."
MR,gpt-6-astra,white_matter_signal_abnormality,A-vs-B,all-assigned paired end-to-end label success,2,2,0,0,0,0.0,1.0,"[0.0, 0.0]","Released-study paired percentile bootstrap 5000; CT/MR patient IDs, OpenI report-ID proxies; global independence uncertain; exploratory, not multiplicity adjusted; failures unsuccessful E2E not clinical FN",[],10,0,0,0,0,0,0,0.7763932022500211,"[-0.7763932022500211, 0.7763932022500211]","One-sided exact95% upper bound on unseen discordance probability; absolute true risk difference cannot exceed discordance probability. Conservative supplement, original percentile bootstrap preserved; independent-study assumption and exploratory scope apply."
MR,gpt-6-astra,white_matter_signal_abnormality,delegated,all-assigned paired end-to-end label success,2,2,0,0,0,0.0,1.0,"[0.0, 0.0]","Released-study paired percentile bootstrap 5000; CT/MR patient IDs, OpenI report-ID proxies; global independence uncertain; exploratory, not multiplicity adjusted; failures unsuccessful E2E not clinical FN",[],10,0,0,0,0,0,0,0.7763932022500211,"[-0.7763932022500211, 0.7763932022500211]","One-sided exact95% upper bound on unseen discordance probability; absolute true risk difference cannot exceed discordance probability. Conservative supplement, original percentile bootstrap preserved; independent-study assumption and exploratory scope apply."
MR,gpt-6-astra,white_matter_signal_abnormality,second-reader,all-assigned paired end-to-end label success,2,2,0,0,0,0.0,1.0,"[0.0, 0.0]","Released-study paired percentile bootstrap 5000; CT/MR patient IDs, OpenI report-ID proxies; global independence uncertain; exploratory, not multiplicity adjusted; failures unsuccessful E2E not clinical FN",[],10,0,0,0,0,0,0,0.7763932022500211,"[-0.7763932022500211, 0.7763932022500211]","One-sided exact95% upper bound on unseen discordance probability; absolute true risk difference cannot exceed discordance probability. Conservative supplement, original percentile bootstrap preserved; independent-study assumption and exploratory scope apply."
MR,gpt-6-astra,white_matter_signal_abnormality,self-review,all-assigned paired end-to-end label success,1,1,0,0,0,0.0,1.0,"[0.0, 0.0]","Released-study paired percentile bootstrap 5000; CT/MR patient IDs, OpenI report-ID proxies; global independence uncertain; exploratory, not multiplicity adjusted; failures unsuccessful E2E not clinical FN",[],2,0,0,0,0,0,0,0.95,"[-0.95, 0.95]","One-sided exact95% upper bound on unseen discordance probability; absolute true risk difference cannot exceed discordance probability. Conservative supplement, original percentile bootstrap preserved; independent-study assumption and exploratory scope apply."
MR,gpt-6-astra,chronic_infarction,A-vs-B,all-assigned paired end-to-end label success,1,0,0,1,0,1.0,1.0,"[1.0, 1.0]","Released-study paired percentile bootstrap 5000; CT/MR patient IDs, OpenI report-ID proxies; global independence uncertain; exploratory, not multiplicity adjusted; failures unsuccessful E2E not clinical FN",[],10,0,0,0,0,1,0,,,
MR,gpt-6-astra,chronic_infarction,delegated,all-assigned paired end-to-end label success,1,0,1,0,0,-1.0,1.0,"[-1.0, -1.0]","Released-study paired percentile bootstrap 5000; CT/MR patient IDs, OpenI report-ID proxies; global independence uncertain; exploratory, not multiplicity adjusted; failures unsuccessful E2E not clinical FN",[],10,0,0,0,1,0,0,,,
MR,gpt-6-astra,chronic_infarction,second-reader,all-assigned paired end-to-end label success,1,0,1,0,0,-1.0,1.0,"[-1.0, -1.0]","Released-study paired percentile bootstrap 5000; CT/MR patient IDs, OpenI report-ID proxies; global independence uncertain; exploratory, not multiplicity adjusted; failures unsuccessful E2E not clinical FN",[],10,0,0,0,1,0,0,,,
MR,gpt-6-astra,chronic_infarction,self-review,all-assigned paired end-to-end label success,1,0,1,0,0,-1.0,1.0,"[-1.0, -1.0]","Released-study paired percentile bootstrap 5000; CT/MR patient IDs, OpenI report-ID proxies; global independence uncertain; exploratory, not multiplicity adjusted; failures unsuccessful E2E not clinical FN",[],2,0,0,0,1,0,0,,,
MR,gpt-6-astra,mass_lesion,A-vs-B,all-assigned paired end-to-end label success,1,0,0,0,1,0.0,1.0,"[0.0, 0.0]","Released-study paired percentile bootstrap 5000; CT/MR patient IDs, OpenI report-ID proxies; global independence uncertain; exploratory, not multiplicity adjusted; failures unsuccessful E2E not clinical FN",[],10,0,0,0,0,0,1,0.95,"[-0.95, 0.95]","One-sided exact95% upper bound on unseen discordance probability; absolute true risk difference cannot exceed discordance probability. Conservative supplement, original percentile bootstrap preserved; independent-study assumption and exploratory scope apply."
MR,gpt-6-astra,mass_lesion,delegated,all-assigned paired end-to-end label success,1,0,0,0,1,0.0,1.0,"[0.0, 0.0]","Released-study paired percentile bootstrap 5000; CT/MR patient IDs, OpenI report-ID proxies; global independence uncertain; exploratory, not multiplicity adjusted; failures unsuccessful E2E not clinical FN",[],10,0,0,0,0,0,1,0.95,"[-0.95, 0.95]","One-sided exact95% upper bound on unseen discordance probability; absolute true risk difference cannot exceed discordance probability. Conservative supplement, original percentile bootstrap preserved; independent-study assumption and exploratory scope apply."
MR,gpt-6-astra,mass_lesion,second-reader,all-assigned paired end-to-end label success,1,0,0,0,1,0.0,1.0,"[0.0, 0.0]","Released-study paired percentile bootstrap 5000; CT/MR patient IDs, OpenI report-ID proxies; global independence uncertain; exploratory, not multiplicity adjusted; failures unsuccessful E2E not clinical FN",[],10,0,0,0,0,0,1,0.95,"[-0.95, 0.95]","One-sided exact95% upper bound on unseen discordance probability; absolute true risk difference cannot exceed discordance probability. Conservative supplement, original percentile bootstrap preserved; independent-study assumption and exploratory scope apply."
MR,gpt-6-astra,mass_lesion,self-review,all-assigned paired end-to-end label success,1,0,0,0,1,0.0,1.0,"[0.0, 0.0]","Released-study paired percentile bootstrap 5000; CT/MR patient IDs, OpenI report-ID proxies; global independence uncertain; exploratory, not multiplicity adjusted; failures unsuccessful E2E not clinical FN",[],2,0,0,0,0,0,1,0.95,"[-0.95, 0.95]","One-sided exact95% upper bound on unseen discordance probability; absolute true risk difference cannot exceed discordance probability. Conservative supplement, original percentile bootstrap preserved; independent-study assumption and exploratory scope apply."
