case_id,model,both_valid,labels_identical
CT-EVALUATION-001,gpt-6-luna,True,True
CT-EVALUATION-001,gpt-6.1-sol,True,False
CT-EVALUATION-001,gpt-6-astra,True,False
CT-EVALUATION-001,google/medgemma-1.5-4b-it,True,True
CT-EVALUATION-002,gpt-6-luna,True,False
CT-EVALUATION-002,gpt-6.1-sol,True,False
CT-EVALUATION-002,gpt-6-astra,True,False
CT-EVALUATION-002,google/medgemma-1.5-4b-it,True,True
CT-EVALUATION-003,gpt-6-luna,True,False
CT-EVALUATION-003,gpt-6.1-sol,True,False
CT-EVALUATION-003,gpt-6-astra,True,True
CT-EVALUATION-003,google/medgemma-1.5-4b-it,False,
CXR-EVALUATION-001,gpt-6-luna,True,True
CXR-EVALUATION-001,gpt-6.1-sol,True,True
CXR-EVALUATION-001,gpt-6-astra,True,True
CXR-EVALUATION-001,google/medgemma-1.5-4b-it,True,True
CXR-EVALUATION-011,gpt-6-luna,True,True
CXR-EVALUATION-011,gpt-6.1-sol,True,True
CXR-EVALUATION-011,gpt-6-astra,True,True
CXR-EVALUATION-011,google/medgemma-1.5-4b-it,True,True
CXR-EVALUATION-021,gpt-6-luna,True,False
CXR-EVALUATION-021,gpt-6.1-sol,True,True
CXR-EVALUATION-021,gpt-6-astra,True,True
CXR-EVALUATION-021,google/medgemma-1.5-4b-it,True,True
CXR-EVALUATION-041,gpt-6-luna,True,True
CXR-EVALUATION-041,gpt-6.1-sol,True,True
CXR-EVALUATION-041,gpt-6-astra,True,True
CXR-EVALUATION-041,google/medgemma-1.5-4b-it,True,True
CXR-EVALUATION-042,gpt-6-luna,True,True
CXR-EVALUATION-042,gpt-6.1-sol,True,True
CXR-EVALUATION-042,gpt-6-astra,True,True
CXR-EVALUATION-042,google/medgemma-1.5-4b-it,True,True
MR-EVALUATION-001,gpt-6-luna,True,True
MR-EVALUATION-001,gpt-6.1-sol,True,False
MR-EVALUATION-001,gpt-6-astra,True,False
MR-EVALUATION-001,google/medgemma-1.5-4b-it,False,
MR-EVALUATION-002,gpt-6-luna,True,True
MR-EVALUATION-002,gpt-6.1-sol,True,True
MR-EVALUATION-002,gpt-6-astra,True,True
MR-EVALUATION-002,google/medgemma-1.5-4b-it,True,True
